"Year","Month","Global_Avg_1","Global_Avg_Unc_1","Global_Avg_5","Global_Avg_Unc_5","Global_Avg_10","Global_Avg_Unc_10"
1850,1,7.823,0.316,7.893,0.304,7.976,0.281
1850,2,7.864,0.319,7.89,0.306,7.989,0.279
1850,3,7.896,0.305,7.889,0.306,7.991,0.277
1850,4,7.824,0.343,7.894,0.303,7.996,0.272
1850,5,7.723,0.376,7.877,0.312,8.003,0.271
1850,6,7.77,0.361,7.911,0.305,8.006,0.269
1850,7,7.919,0.363,7.931,0.302,8.003,0.266
1850,8,7.87,0.381,7.902,0.323,8.004,0.263
1850,9,7.812,0.443,7.889,0.324,8.004,0.26
1850,10,7.816,0.482,7.882,0.334,8.011,0.261
1850,11,7.899,0.482,7.888,0.33,8.011,0.257
1850,12,7.914,0.479,7.892,0.322,8.014,0.25
1851,1,7.911,0.474,7.897,0.318,8.009,0.255
1851,2,7.881,0.474,7.908,0.314,7.999,0.258
1851,3,7.895,0.489,7.918,0.309,7.983,0.257
1851,4,7.983,0.455,7.915,0.307,7.986,0.247
1851,5,8.001,0.453,7.905,0.302,7.984,0.242
1851,6,8.053,0.457,7.919,0.303,7.985,0.24
1851,7,8.038,0.483,7.907,0.315,7.98,0.24
1851,8,8.027,0.511,7.894,0.32,7.972,0.241
1851,9,7.988,0.509,7.885,0.324,7.965,0.243
1851,10,8.002,0.463,7.896,0.3,7.964,0.239
1851,11,8.014,0.44,7.912,0.291,7.966,0.237
1851,12,7.997,0.458,7.909,0.286,7.963,0.239
1852,1,7.986,0.452,7.913,0.28,7.955,0.244
1852,2,7.943,0.43,7.918,0.276,7.944,0.24
1852,3,7.928,0.429,7.926,0.271,7.948,0.238
1852,4,7.916,0.396,7.943,0.267,7.938,0.236
1852,5,7.891,0.395,7.941,0.271,7.932,0.234
1852,6,7.946,0.367,7.968,0.274,7.93,0.23
1852,7,7.898,0.374,8.001,0.29,7.928,0.23
1852,8,7.876,0.39,8,0.301,7.928,0.229
1852,9,7.903,0.359,7.997,0.311,7.926,0.226
1852,10,7.916,0.428,8.021,0.299,7.923,0.225
1852,11,7.897,0.435,8.042,0.291,7.92,0.226
1852,12,7.921,0.439,8.041,0.284,7.935,0.225
1853,1,7.95,0.452,8.03,0.281,7.952,0.222
1853,2,8.02,0.457,8.021,0.278,7.938,0.225
1853,3,8.03,0.441,8.017,0.275,7.939,0.222
1853,4,8.001,0.45,8.026,0.27,7.942,0.22
1853,5,8.01,0.442,8.035,0.261,7.945,0.214
1853,6,7.94,0.441,8.027,0.261,7.947,0.21
1853,7,7.894,0.461,8.031,0.264,7.943,0.208
1853,8,7.872,0.359,8.026,0.276,7.944,0.205
1853,9,7.939,0.358,8.03,0.271,7.947,0.202
1853,10,7.943,0.294,8.04,0.256,7.948,0.201
1853,11,7.952,0.294,8.034,0.246,7.953,0.196
1853,12,7.901,0.305,8.039,0.237,7.956,0.198
1854,1,7.896,0.296,8.036,0.235,7.957,0.2
1854,2,7.882,0.293,8.026,0.236,7.957,0.2
1854,3,7.881,0.304,8.014,0.233,7.954,0.2
1854,4,7.989,0.288,7.998,0.234,7.968,0.193
1854,5,8.081,0.296,8.004,0.228,7.98,0.189
1854,6,8.131,0.335,8.007,0.23,7.985,0.187
1854,7,8.258,0.408,7.999,0.233,7.984,0.184
1854,8,8.355,0.484,7.997,0.224,7.983,0.182
1854,9,8.345,0.495,8.009,0.221,7.984,0.181
1854,10,8.427,0.475,7.999,0.223,7.985,0.179
1854,11,8.447,0.454,7.977,0.229,7.986,0.175
1854,12,8.472,0.44,7.97,0.231,7.997,0.176
1855,1,8.406,0.459,7.964,0.239,8.006,0.179
1855,2,8.382,0.478,7.966,0.241,8.001,0.182
1855,3,8.353,0.455,7.963,0.244,7.989,0.187
1855,4,8.241,0.499,7.952,0.248,7.995,0.186
1855,5,8.19,0.449,7.964,0.25,8.004,0.181
1855,6,8.062,0.398,7.96,0.258,8.007,0.178
1855,7,8.066,0.335,7.973,0.258,8.005,0.175
1855,8,7.999,0.314,7.975,0.251,8.005,0.173
1855,9,7.975,0.324,7.989,0.253,8.009,0.171
1855,10,7.91,0.342,8.001,0.254,8.015,0.166
1855,11,7.861,0.353,8.001,0.257,8.017,0.162
1855,12,7.906,0.351,8.001,0.261,8.009,0.165
1856,1,7.939,0.365,7.99,0.264,7.992,0.169
1856,2,7.903,0.381,7.98,0.265,7.989,0.169
1856,3,7.879,0.397,7.976,0.264,7.992,0.169
1856,4,7.843,0.395,7.98,0.265,7.994,0.165
1856,5,7.85,0.398,8.002,0.257,7.99,0.164
1856,6,7.958,0.383,7.994,0.252,7.989,0.162
1856,7,7.878,0.36,8.007,0.251,7.987,0.161
1856,8,7.883,0.379,8.02,0.253,7.989,0.161
1856,9,7.885,0.387,8.023,0.252,7.987,0.16
1856,10,7.799,0.379,8.04,0.248,7.981,0.162
1856,11,7.729,0.375,8.049,0.248,7.989,0.159
1856,12,7.651,0.367,8.062,0.245,7.987,0.159
1857,1,7.628,0.363,8.054,0.245,7.972,0.161
1857,2,7.646,0.368,8.048,0.248,7.965,0.16
1857,3,7.671,0.389,8.042,0.248,7.97,0.161
1857,4,7.686,0.406,8.028,0.247,7.968,0.16
1857,5,7.688,0.4,8.03,0.24,7.966,0.161
1857,6,7.708,0.405,8.026,0.232,7.966,0.16
1857,7,7.771,0.435,8.011,0.232,7.964,0.161
1857,8,7.764,0.45,8.002,0.231,7.965,0.16
1857,9,7.802,0.441,7.981,0.229,7.962,0.16
1857,10,7.926,0.433,7.968,0.226,7.957,0.157
1857,11,8.017,0.426,7.966,0.224,7.958,0.16
1857,12,8.076,0.417,7.972,0.22,7.939,0.161
1858,1,8.081,0.407,7.981,0.217,7.949,0.161
1858,2,8.09,0.382,7.989,0.213,7.959,0.158
1858,3,8.094,0.358,8,0.211,7.965,0.16
1858,4,8.143,0.342,8.003,0.21,7.97,0.16
1858,5,8.199,0.331,8,0.208,7.973,0.16
1858,6,8.109,0.308,7.992,0.205,7.971,0.162
1858,7,8.062,0.296,7.953,0.205,7.965,0.162
1858,8,8.1,0.292,7.952,0.207,7.959,0.164
1858,9,8.108,0.29,7.954,0.2,7.955,0.162
1858,10,8.139,0.289,7.949,0.196,7.952,0.161
1858,11,8.192,0.278,7.946,0.194,7.958,0.159
1858,12,8.204,0.286,7.939,0.188,7.956,0.163
1859,1,8.216,0.292,7.938,0.181,7.958,0.168
1859,2,8.219,0.292,7.952,0.175,7.964,0.171
1859,3,8.215,0.275,7.961,0.177,7.963,0.172
1859,4,8.228,0.279,7.965,0.175,7.962,0.17
1859,5,8.225,0.279,7.974,0.171,7.963,0.17
1859,6,8.292,0.268,7.967,0.16,7.97,0.166
1859,7,8.277,0.243,7.945,0.164,7.967,0.167
1859,8,8.262,0.23,7.934,0.167,7.965,0.168
1859,9,8.134,0.245,7.931,0.164,7.964,0.165
1859,10,8.068,0.241,7.938,0.162,7.954,0.166
1859,11,8.029,0.23,7.955,0.158,7.948,0.162
1859,12,8.023,0.23,7.961,0.155,7.936,0.161
1860,1,8.042,0.232,7.964,0.151,7.937,0.162
1860,2,8.086,0.228,7.963,0.147,7.93,0.16
1860,3,8.14,0.22,7.961,0.141,7.925,0.157
1860,4,8.117,0.229,7.961,0.137,7.915,0.153
1860,5,8.036,0.232,7.951,0.141,7.912,0.152
1860,6,7.891,0.254,7.918,0.137,7.914,0.15
1860,7,7.776,0.255,7.925,0.138,7.918,0.149
1860,8,7.752,0.253,7.944,0.139,7.92,0.149
1860,9,7.839,0.243,7.941,0.142,7.926,0.147
1860,10,7.812,0.257,7.938,0.14,7.931,0.147
1860,11,7.765,0.298,7.944,0.136,7.939,0.147
1860,12,7.739,0.297,7.941,0.138,7.945,0.149
1861,1,7.725,0.296,7.94,0.139,7.946,0.151
1861,2,7.72,0.294,7.938,0.141,7.946,0.155
1861,3,7.682,0.304,7.935,0.139,7.946,0.153
1861,4,7.651,0.293,7.923,0.141,7.946,0.152
1861,5,7.725,0.292,7.914,0.144,7.948,0.151
1861,6,7.836,0.273,7.917,0.158,7.943,0.149
1861,7,7.84,0.278,7.909,0.165,7.948,0.144
1861,8,7.79,0.267,7.908,0.164,7.953,0.142
1861,9,7.774,0.269,7.903,0.159,7.959,0.144
1861,10,7.743,0.265,7.884,0.16,7.964,0.144
1861,11,7.774,0.261,7.877,0.162,7.97,0.144
1861,12,7.764,0.28,7.877,0.159,7.976,0.144
1862,1,7.755,0.281,7.881,0.161,7.981,0.147
1862,2,7.7,0.275,7.882,0.161,7.983,0.148
1862,3,7.675,0.27,7.885,0.16,7.984,0.148
1862,4,7.668,0.282,7.879,0.161,7.995,0.146
1862,5,7.573,0.304,7.866,0.162,8.001,0.146
1862,6,7.463,0.317,7.846,0.167,8.008,0.145
1862,7,7.669,0.303,7.864,0.173,8.013,0.143
1862,8,7.816,0.314,7.858,0.173,8.018,0.142
1862,9,7.852,0.322,7.869,0.169,8.024,0.141
1862,10,7.929,0.325,7.861,0.169,8.032,0.139
1862,11,7.959,0.313,7.859,0.169,8.046,0.14
1862,12,7.974,0.313,7.855,0.171,8.047,0.143
1863,1,7.963,0.321,7.856,0.173,8.04,0.144
1863,2,7.966,0.332,7.852,0.172,8.037,0.14
1863,3,7.963,0.336,7.852,0.17,8.034,0.138
1863,4,7.95,0.331,7.859,0.167,8.033,0.137
1863,5,8.012,0.332,7.879,0.171,8.035,0.136
1863,6,8.105,0.361,7.898,0.18,8.035,0.137
1863,7,7.983,0.389,7.94,0.179,8.042,0.136
1863,8,7.919,0.381,7.94,0.181,8.046,0.135
1863,9,7.916,0.347,7.939,0.174,8.048,0.135
1863,10,7.87,0.36,7.944,0.169,8.053,0.136
1863,11,7.859,0.363,7.95,0.168,8.045,0.137
1863,12,7.887,0.345,7.947,0.167,8.051,0.142
1864,1,7.918,0.33,7.958,0.165,8.052,0.143
1864,2,7.938,0.327,7.953,0.166,8.062,0.143
1864,3,7.963,0.329,7.958,0.164,8.057,0.142
1864,4,8.012,0.33,7.963,0.163,8.051,0.139
1864,5,7.983,0.319,7.966,0.166,8.049,0.142
1864,6,7.935,0.285,7.985,0.176,8.05,0.143
1864,7,8.05,0.269,8.017,0.174,8.054,0.142
1864,8,8.014,0.261,8.033,0.177,8.059,0.142
1864,9,7.964,0.245,8.037,0.175,8.069,0.142
1864,10,7.952,0.237,8.053,0.171,8.069,0.142
1864,11,7.936,0.238,8.047,0.175,8.068,0.145
1864,12,7.913,0.242,8.056,0.177,8.063,0.149
1865,1,7.917,0.244,8.063,0.178,8.064,0.151
1865,2,7.938,0.241,8.073,0.179,8.059,0.154
1865,3,7.975,0.249,8.086,0.184,8.069,0.154
1865,4,8.014,0.245,8.104,0.186,8.069,0.155
1865,5,8.104,0.243,8.141,0.184,8.07,0.159
1865,6,8.151,0.264,8.176,0.193,8.073,0.158
1865,7,8.156,0.271,8.155,0.195,8.076,0.158
1865,8,8.161,0.3,8.129,0.19,8.073,0.159
1865,9,8.19,0.313,8.127,0.182,8.074,0.158
1865,10,8.226,0.327,8.127,0.185,8.074,0.156
1865,11,8.222,0.329,8.126,0.188,8.079,0.159
1865,12,8.198,0.304,8.13,0.188,8.083,0.161
1866,1,8.236,0.293,8.143,0.187,8.09,0.161
1866,2,8.225,0.28,8.154,0.182,8.085,0.165
1866,3,8.214,0.286,8.162,0.183,8.087,0.164
1866,4,8.169,0.292,8.182,0.186,8.094,0.161
1866,5,8.156,0.29,8.177,0.184,8.096,0.161
1866,6,8.27,0.279,8.184,0.182,8.097,0.163
1866,7,8.225,0.276,8.196,0.183,8.099,0.161
1866,8,8.253,0.277,8.216,0.181,8.1,0.159
1866,9,8.261,0.28,8.211,0.181,8.101,0.158
1866,10,8.289,0.266,8.218,0.179,8.107,0.157
1866,11,8.261,0.274,8.221,0.182,8.099,0.159
1866,12,8.306,0.279,8.223,0.189,8.098,0.167
1867,1,8.279,0.296,8.227,0.187,8.107,0.171
1867,2,8.295,0.301,8.237,0.188,8.113,0.172
1867,3,8.317,0.303,8.253,0.192,8.117,0.173
1867,4,8.373,0.307,8.258,0.19,8.122,0.172
1867,5,8.452,0.32,8.27,0.195,8.124,0.173
1867,6,8.42,0.337,8.279,0.198,8.126,0.173
1867,7,8.363,0.356,8.263,0.196,8.129,0.172
1867,8,8.299,0.315,8.261,0.202,8.134,0.173
1867,9,8.303,0.289,8.269,0.203,8.141,0.175
1867,10,8.297,0.321,8.277,0.207,8.147,0.176
1867,11,8.352,0.312,8.281,0.212,8.151,0.175
1867,12,8.346,0.308,8.291,0.21,8.158,0.18
1868,1,8.365,0.294,8.297,0.205,8.148,0.182
1868,2,8.373,0.286,8.293,0.207,8.146,0.182
1868,3,8.338,0.275,8.296,0.206,8.147,0.18
1868,4,8.344,0.279,8.289,0.207,8.141,0.18
1868,5,8.188,0.248,8.278,0.212,8.138,0.181
1868,6,8.147,0.247,8.268,0.212,8.141,0.18
1868,7,8.185,0.254,8.239,0.211,8.145,0.179
1868,8,8.351,0.259,8.23,0.22,8.15,0.178
1868,9,8.337,0.29,8.235,0.223,8.154,0.18
1868,10,8.326,0.265,8.243,0.222,8.162,0.18
1868,11,8.333,0.282,8.242,0.222,8.164,0.179
1868,12,8.352,0.29,8.247,0.223,8.17,0.176
1869,1,8.338,0.278,8.24,0.224,8.179,0.173
1869,2,8.352,0.297,8.246,0.22,8.183,0.173
1869,3,8.423,0.302,8.244,0.22,8.179,0.173
1869,4,8.391,0.289,8.252,0.221,8.184,0.174
1869,5,8.447,0.306,8.232,0.222,8.187,0.176
1869,6,8.409,0.292,8.211,0.222,8.186,0.179
1869,7,8.389,0.289,8.197,0.226,8.185,0.178
1869,8,8.24,0.341,8.193,0.227,8.189,0.178
1869,9,8.253,0.329,8.198,0.23,8.195,0.179
1869,10,8.245,0.343,8.191,0.232,8.199,0.178
1869,11,8.239,0.344,8.201,0.229,8.203,0.181
1869,12,8.255,0.319,8.196,0.227,8.213,0.182
1870,1,8.265,0.314,8.195,0.223,8.201,0.18
1870,2,8.221,0.304,8.196,0.225,8.204,0.182
1870,3,8.186,0.292,8.195,0.222,8.206,0.183
1870,4,8.167,0.296,8.191,0.221,8.207,0.184
1870,5,8.146,0.329,8.161,0.219,8.206,0.185
1870,6,8.096,0.317,8.139,0.215,8.206,0.186
1870,7,8.036,0.311,8.141,0.214,8.206,0.183
1870,8,8.008,0.324,8.162,0.222,8.204,0.184
1870,9,8.02,0.341,8.166,0.227,8.199,0.183
1870,10,8.06,0.339,8.155,0.219,8.195,0.183
1870,11,8.024,0.342,8.151,0.219,8.182,0.186
1870,12,7.974,0.339,8.152,0.216,8.182,0.185
1871,1,7.952,0.326,8.147,0.214,8.174,0.185
1871,2,7.988,0.312,8.146,0.215,8.178,0.186
1871,3,7.958,0.311,8.146,0.216,8.182,0.187
1871,4,7.982,0.299,8.142,0.212,8.185,0.187
1871,5,7.926,0.289,8.151,0.213,8.184,0.186
1871,6,7.982,0.296,8.156,0.208,8.186,0.185
1871,7,8.012,0.314,8.162,0.205,8.183,0.187
1871,8,8.068,0.305,8.15,0.202,8.182,0.186
1871,9,8.076,0.311,8.146,0.203,8.183,0.185
1871,10,8.027,0.311,8.149,0.206,8.186,0.185
1871,11,8.056,0.31,8.153,0.207,8.178,0.185
1871,12,8.053,0.299,8.149,0.209,8.162,0.183
1872,1,8.052,0.308,8.144,0.21,8.16,0.184
1872,2,8.048,0.309,8.141,0.211,8.163,0.185
1872,3,8.07,0.296,8.137,0.211,8.17,0.185
1872,4,8.072,0.295,8.14,0.212,8.169,0.186
1872,5,8.097,0.292,8.137,0.214,8.174,0.186
1872,6,8.062,0.306,8.146,0.217,8.173,0.185
1872,7,8.082,0.287,8.139,0.215,8.175,0.182
1872,8,8.146,0.293,8.147,0.216,8.178,0.182
1872,9,8.146,0.283,8.142,0.215,8.18,0.182
1872,10,8.115,0.278,8.137,0.214,8.18,0.183
1872,11,8.101,0.294,8.13,0.212,8.174,0.179
1872,12,8.128,0.286,8.122,0.213,8.167,0.173
1873,1,8.126,0.283,8.115,0.212,8.169,0.171
1873,2,8.121,0.269,8.114,0.211,8.186,0.175
1873,3,8.092,0.278,8.103,0.208,8.204,0.177
1873,4,8.098,0.261,8.101,0.203,8.211,0.174
1873,5,8.137,0.258,8.086,0.207,8.21,0.173
1873,6,8.231,0.236,8.095,0.209,8.214,0.173
1873,7,8.29,0.22,8.108,0.21,8.216,0.171
1873,8,8.289,0.227,8.126,0.21,8.219,0.171
1873,9,8.237,0.224,8.129,0.206,8.224,0.171
1873,10,8.299,0.248,8.127,0.205,8.224,0.17
1873,11,8.342,0.255,8.125,0.201,8.235,0.171
1873,12,8.336,0.28,8.126,0.202,8.236,0.171
1874,1,8.324,0.27,8.126,0.203,8.238,0.171
1874,2,8.326,0.279,8.119,0.203,8.229,0.17
1874,3,8.378,0.297,8.121,0.2,8.234,0.171
1874,4,8.379,0.287,8.12,0.2,8.233,0.169
1874,5,8.381,0.281,8.124,0.203,8.229,0.168
1874,6,8.36,0.298,8.113,0.201,8.227,0.169
1874,7,8.276,0.298,8.123,0.195,8.225,0.167
1874,8,8.221,0.299,8.133,0.197,8.219,0.168
1874,9,8.234,0.298,8.143,0.193,8.212,0.167
1874,10,8.185,0.282,8.146,0.195,8.214,0.168
1874,11,8.126,0.268,8.146,0.192,8.212,0.168
1874,12,8.117,0.278,8.15,0.194,8.21,0.166
1875,1,8.122,0.286,8.155,0.192,8.209,0.166
1875,2,8.087,0.281,8.161,0.19,8.208,0.167
1875,3,8.016,0.26,8.165,0.191,8.208,0.165
1875,4,7.974,0.253,8.169,0.19,8.204,0.164
1875,5,7.887,0.265,8.188,0.187,8.203,0.162
1875,6,7.842,0.258,8.195,0.175,8.198,0.16
1875,7,7.879,0.243,8.197,0.173,8.194,0.159
1875,8,7.905,0.238,8.209,0.173,8.196,0.157
1875,9,7.952,0.229,8.242,0.169,8.192,0.157
1875,10,8.009,0.231,8.268,0.171,8.191,0.156
1875,11,8.001,0.238,8.269,0.171,8.194,0.155
1875,12,7.996,0.233,8.276,0.174,8.202,0.156
1876,1,8.005,0.237,8.286,0.173,8.213,0.156
1876,2,8.012,0.235,8.292,0.172,8.221,0.156
1876,3,8.049,0.241,8.303,0.172,8.224,0.154
1876,4,8.078,0.245,8.305,0.17,8.224,0.153
1876,5,8.119,0.239,8.319,0.168,8.228,0.15
1876,6,8.069,0.234,8.317,0.169,8.225,0.149
1876,7,8.09,0.235,8.313,0.169,8.223,0.151
1876,8,8.102,0.235,8.308,0.167,8.222,0.151
1876,9,8.145,0.233,8.323,0.168,8.224,0.151
1876,10,8.124,0.228,8.317,0.163,8.222,0.151
1876,11,8.161,0.223,8.306,0.161,8.226,0.152
1876,12,8.173,0.215,8.305,0.16,8.23,0.153
1877,1,8.201,0.216,8.306,0.157,8.243,0.15
1877,2,8.258,0.207,8.298,0.155,8.251,0.152
1877,3,8.292,0.206,8.286,0.153,8.253,0.15
1877,4,8.318,0.212,8.289,0.155,8.253,0.151
1877,5,8.415,0.205,8.286,0.155,8.251,0.151
1877,6,8.472,0.192,8.274,0.148,8.249,0.152
1877,7,8.449,0.217,8.278,0.152,8.244,0.151
1877,8,8.528,0.227,8.27,0.152,8.242,0.149
1877,9,8.642,0.227,8.273,0.152,8.242,0.149
1877,10,8.722,0.226,8.272,0.151,8.237,0.148
1877,11,8.715,0.237,8.276,0.149,8.237,0.146
1877,12,8.759,0.239,8.275,0.147,8.235,0.144
1878,1,8.778,0.243,8.273,0.146,8.233,0.144
1878,2,8.779,0.249,8.278,0.144,8.224,0.145
1878,3,8.781,0.258,8.28,0.146,8.226,0.145
1878,4,8.778,0.247,8.281,0.147,8.229,0.148
1878,5,8.791,0.242,8.301,0.148,8.228,0.148
1878,6,8.839,0.243,8.309,0.149,8.228,0.149
1878,7,8.873,0.23,8.317,0.148,8.226,0.148
1878,8,8.781,0.197,8.315,0.148,8.222,0.148
1878,9,8.641,0.202,8.319,0.15,8.221,0.148
1878,10,8.543,0.196,8.321,0.15,8.22,0.148
1878,11,8.527,0.191,8.33,0.149,8.215,0.146
1878,12,8.478,0.201,8.323,0.148,8.214,0.147
1879,1,8.425,0.193,8.321,0.149,8.211,0.147
1879,2,8.352,0.196,8.326,0.146,8.208,0.147
1879,3,8.293,0.189,8.326,0.145,8.207,0.146
1879,4,8.297,0.189,8.324,0.145,8.199,0.145
1879,5,8.219,0.186,8.328,0.148,8.189,0.143
1879,6,8.146,0.178,8.347,0.15,8.183,0.141
1879,7,8.1,0.178,8.362,0.149,8.179,0.141
1879,8,8.032,0.188,8.368,0.149,8.175,0.14
1879,9,7.987,0.186,8.363,0.147,8.168,0.139
1879,10,7.96,0.187,8.359,0.145,8.163,0.139
1879,11,7.975,0.179,8.355,0.146,8.16,0.137
1879,12,7.968,0.168,8.347,0.146,8.159,0.134
1880,1,7.956,0.177,8.332,0.145,8.156,0.135
1880,2,7.99,0.178,8.324,0.143,8.155,0.134
1880,3,7.986,0.177,8.319,0.142,8.16,0.134
1880,4,7.935,0.187,8.305,0.138,8.159,0.135
1880,5,7.963,0.182,8.285,0.137,8.158,0.135
1880,6,8.018,0.185,8.275,0.141,8.154,0.135
1880,7,8.073,0.195,8.27,0.141,8.153,0.134
1880,8,8.132,0.203,8.239,0.14,8.153,0.133
1880,9,8.18,0.202,8.211,0.144,8.155,0.134
1880,10,8.258,0.199,8.19,0.147,8.156,0.135
1880,11,8.273,0.206,8.187,0.146,8.163,0.134
1880,12,8.239,0.208,8.18,0.146,8.172,0.133
1881,1,8.244,0.214,8.166,0.145,8.168,0.133
1881,2,8.251,0.215,8.151,0.147,8.161,0.133
1881,3,8.279,0.214,8.139,0.147,8.157,0.133
1881,4,8.294,0.207,8.135,0.147,8.154,0.133
1881,5,8.253,0.206,8.111,0.147,8.155,0.133
1881,6,8.261,0.206,8.111,0.145,8.153,0.131
1881,7,8.313,0.197,8.109,0.145,8.153,0.13
1881,8,8.368,0.211,8.108,0.147,8.151,0.129
1881,9,8.367,0.203,8.091,0.147,8.151,0.129
1881,10,8.311,0.206,8.082,0.149,8.148,0.129
1881,11,8.284,0.213,8.071,0.149,8.149,0.13
1881,12,8.292,0.219,8.061,0.148,8.162,0.13
1882,1,8.257,0.214,8.051,0.151,8.151,0.131
1882,2,8.248,0.213,8.052,0.151,8.146,0.132
1882,3,8.254,0.21,8.05,0.152,8.14,0.132
1882,4,8.223,0.207,8.038,0.151,8.139,0.131
1882,5,8.2,0.197,8.033,0.148,8.137,0.13
1882,6,8.113,0.195,8.044,0.148,8.133,0.13
1882,7,7.988,0.19,8.034,0.148,8.129,0.13
1882,8,7.879,0.186,8.041,0.148,8.12,0.129
1882,9,7.879,0.19,8.046,0.148,8.117,0.127
1882,10,7.881,0.193,8.047,0.151,8.112,0.126
1882,11,7.877,0.192,8.04,0.155,8.107,0.126
1882,12,7.926,0.185,8.033,0.158,8.108,0.129
1883,1,7.95,0.186,8.033,0.158,8.108,0.128
1883,2,7.915,0.195,8.027,0.16,8.095,0.128
1883,3,7.883,0.197,8.029,0.159,8.076,0.128
1883,4,7.928,0.204,8.032,0.157,8.067,0.13
1883,5,7.922,0.212,8.025,0.155,8.065,0.129
1883,6,8.016,0.209,8.035,0.152,8.057,0.129
1883,7,8.072,0.205,8.019,0.149,8.052,0.13
1883,8,8.129,0.204,8.006,0.147,8.047,0.131
1883,9,8.043,0.202,7.994,0.147,8.044,0.13
1883,10,8.003,0.204,7.988,0.147,8.044,0.128
1883,11,7.946,0.21,7.98,0.147,8.039,0.129
1883,12,7.879,0.207,7.982,0.146,8.039,0.128
1884,1,7.848,0.202,7.984,0.144,8.036,0.127
1884,2,7.858,0.199,7.977,0.143,8.043,0.127
1884,3,7.849,0.201,7.975,0.142,8.046,0.126
1884,4,7.811,0.196,7.971,0.142,8.053,0.126
1884,5,7.829,0.184,7.97,0.143,8.056,0.125
1884,6,7.81,0.177,7.976,0.142,8.058,0.125
1884,7,7.722,0.187,7.941,0.143,8.058,0.126
1884,8,7.696,0.188,7.923,0.143,8.059,0.125
1884,9,7.76,0.173,7.916,0.143,8.061,0.125
1884,10,7.781,0.174,7.919,0.141,8.057,0.124
1884,11,7.817,0.182,7.918,0.14,8.053,0.124
1884,12,7.829,0.197,7.919,0.139,8.059,0.124
1885,1,7.866,0.198,7.925,0.14,8.06,0.125
1885,2,7.864,0.196,7.916,0.139,8.064,0.125
1885,3,7.88,0.202,7.915,0.136,8.063,0.125
1885,4,7.902,0.204,7.919,0.137,8.066,0.125
1885,5,7.919,0.212,7.929,0.138,8.061,0.126
1885,6,7.973,0.209,7.941,0.138,8.059,0.127
1885,7,7.999,0.195,7.947,0.136,8.058,0.127
1885,8,7.958,0.187,7.951,0.136,8.055,0.126
1885,9,7.92,0.201,7.942,0.134,8.056,0.125
1885,10,7.963,0.187,7.945,0.133,8.061,0.124
1885,11,7.976,0.177,7.942,0.132,8.054,0.124
1885,12,7.985,0.167,7.934,0.133,8.053,0.123
1886,1,8.001,0.166,7.938,0.133,8.047,0.122
1886,2,7.998,0.17,7.944,0.134,8.041,0.12
1886,3,8.008,0.174,7.949,0.133,8.04,0.119
1886,4,7.99,0.179,7.952,0.131,8.034,0.119
1886,5,7.981,0.188,7.967,0.132,8.031,0.118
1886,6,7.969,0.187,7.968,0.131,8.032,0.118
1886,7,7.925,0.194,7.962,0.13,8.031,0.117
1886,8,7.952,0.211,7.978,0.13,8.028,0.117
1886,9,7.979,0.213,8.001,0.129,8.029,0.116
1886,10,7.969,0.213,8.024,0.127,8.028,0.115
1886,11,7.975,0.218,8.042,0.127,8.026,0.115
1886,12,7.977,0.224,8.054,0.127,8.03,0.115
1887,1,7.962,0.22,8.065,0.127,8.022,0.116
1887,2,7.943,0.206,8.067,0.126,8.018,0.116
1887,3,7.956,0.194,8.071,0.126,8.012,0.115
1887,4,7.966,0.181,8.075,0.127,8.012,0.115
1887,5,7.996,0.165,8.073,0.129,8.011,0.114
1887,6,7.938,0.157,8.074,0.128,8.015,0.113
1887,7,8.019,0.147,8.086,0.129,8.017,0.113
1887,8,8.021,0.143,8.088,0.13,8.015,0.113
1887,9,8.005,0.144,8.08,0.132,8.014,0.113
1887,10,8.007,0.158,8.086,0.131,8.021,0.113
1887,11,7.996,0.161,8.083,0.13,8.02,0.114
1887,12,8,0.168,8.085,0.129,8.026,0.115
1888,1,8.015,0.167,8.083,0.128,8.018,0.115
1888,2,8.055,0.174,8.082,0.127,8.015,0.114
1888,3,8.053,0.176,8.084,0.127,8.015,0.114
1888,4,8.092,0.175,8.09,0.127,8.018,0.113
1888,5,8.111,0.176,8.084,0.127,8.018,0.113
1888,6,8.15,0.173,8.071,0.127,8.016,0.113
1888,7,8.145,0.17,8.075,0.127,8.019,0.113
1888,8,8.262,0.165,8.076,0.126,8.021,0.113
1888,9,8.34,0.162,8.085,0.124,8.024,0.113
1888,10,8.402,0.152,8.08,0.124,8.025,0.113
1888,11,8.445,0.145,8.081,0.123,8.032,0.114
1888,12,8.48,0.14,8.082,0.122,8.031,0.115
1889,1,8.481,0.142,8.077,0.122,8.026,0.116
1889,2,8.473,0.139,8.08,0.121,8.028,0.115
1889,3,8.459,0.14,8.082,0.119,8.038,0.115
1889,4,8.425,0.139,8.084,0.117,8.042,0.114
1889,5,8.358,0.149,8.083,0.116,8.049,0.114
1889,6,8.339,0.149,8.084,0.116,8.052,0.114
1889,7,8.34,0.164,8.102,0.115,8.056,0.113
1889,8,8.247,0.175,8.113,0.114,8.057,0.113
1889,9,8.154,0.18,8.108,0.113,8.06,0.113
1889,10,8.087,0.187,8.105,0.115,8.065,0.114
1889,11,8.023,0.185,8.103,0.114,8.068,0.115
1889,12,7.981,0.182,8.11,0.112,8.069,0.115
1890,1,7.959,0.173,8.108,0.112,8.07,0.114
1890,2,7.942,0.166,8.114,0.113,8.068,0.114
1890,3,7.942,0.166,8.113,0.115,8.068,0.115
1890,4,7.977,0.172,8.122,0.116,8.074,0.114
1890,5,7.974,0.169,8.11,0.116,8.078,0.114
1890,6,7.96,0.168,8.111,0.116,8.081,0.112
1890,7,7.945,0.167,8.088,0.117,8.082,0.112
1890,8,7.899,0.153,8.08,0.116,8.084,0.112
1890,9,7.946,0.148,8.089,0.116,8.086,0.112
1890,10,7.934,0.145,8.092,0.114,8.089,0.112
1890,11,7.967,0.147,8.093,0.113,8.093,0.113
1890,12,7.97,0.148,8.097,0.113,8.091,0.114
1891,1,7.968,0.142,8.099,0.113,8.098,0.113
1891,2,7.987,0.143,8.098,0.114,8.106,0.113
1891,3,8.001,0.139,8.099,0.115,8.106,0.113
1891,4,7.961,0.138,8.098,0.116,8.101,0.113
1891,5,7.974,0.13,8.098,0.117,8.102,0.113
1891,6,8.034,0.138,8.094,0.12,8.107,0.113
1891,7,8.061,0.137,8.091,0.122,8.107,0.113
1891,8,8.135,0.136,8.079,0.12,8.11,0.113
1891,9,8.096,0.136,8.074,0.12,8.112,0.113
1891,10,8.092,0.139,8.059,0.12,8.119,0.112
1891,11,8.084,0.144,8.056,0.118,8.12,0.111
1891,12,8.119,0.143,8.049,0.117,8.118,0.112
1892,1,8.117,0.147,8.046,0.116,8.127,0.11
1892,2,8.114,0.15,8.048,0.117,8.13,0.109
1892,3,8.11,0.155,8.049,0.117,8.128,0.108
1892,4,8.154,0.162,8.055,0.119,8.132,0.109
1892,5,8.134,0.153,8.063,0.118,8.137,0.109
1892,6,8.071,0.162,8.064,0.119,8.141,0.109
1892,7,7.948,0.159,8.055,0.117,8.142,0.109
1892,8,7.855,0.153,8.049,0.116,8.147,0.11
1892,9,7.908,0.159,8.056,0.117,8.149,0.112
1892,10,7.943,0.157,8.063,0.117,8.154,0.112
1892,11,7.949,0.16,8.072,0.116,8.155,0.113
1892,12,7.934,0.163,8.077,0.115,8.158,0.112
1893,1,7.969,0.166,8.08,0.116,8.165,0.112
1893,2,7.973,0.172,8.085,0.117,8.167,0.111
1893,3,7.981,0.174,8.089,0.117,8.162,0.111
1893,4,7.971,0.173,8.088,0.118,8.162,0.11
1893,5,8.048,0.187,8.102,0.118,8.164,0.109
1893,6,8.063,0.171,8.11,0.119,8.168,0.108
1893,7,8.161,0.168,8.121,0.118,8.167,0.108
1893,8,8.258,0.166,8.135,0.118,8.167,0.108
1893,9,8.266,0.164,8.126,0.119,8.167,0.109
1893,10,8.239,0.164,8.122,0.122,8.164,0.109
1893,11,8.257,0.167,8.124,0.122,8.161,0.108
1893,12,8.239,0.169,8.132,0.122,8.162,0.109
1894,1,8.218,0.169,8.137,0.123,8.168,0.108
1894,2,8.225,0.167,8.14,0.124,8.159,0.109
1894,3,8.212,0.167,8.142,0.125,8.153,0.109
1894,4,8.214,0.168,8.154,0.126,8.151,0.109
1894,5,8.184,0.172,8.158,0.125,8.15,0.109
1894,6,8.192,0.17,8.152,0.127,8.148,0.108
1894,7,8.161,0.171,8.152,0.124,8.147,0.108
1894,8,8.097,0.158,8.146,0.121,8.15,0.108
1894,9,8.063,0.146,8.147,0.122,8.155,0.108
1894,10,8.108,0.15,8.159,0.122,8.16,0.108
1894,11,8.104,0.148,8.171,0.123,8.173,0.108
1894,12,8.123,0.144,8.171,0.123,8.172,0.108
1895,1,8.128,0.146,8.177,0.124,8.17,0.107
1895,2,8.127,0.148,8.181,0.124,8.175,0.105
1895,3,8.141,0.148,8.185,0.125,8.186,0.105
1895,4,8.139,0.151,8.186,0.125,8.19,0.105
1895,5,8.17,0.154,8.199,0.127,8.199,0.104
1895,6,8.192,0.158,8.205,0.124,8.204,0.104
1895,7,8.275,0.152,8.243,0.123,8.206,0.105
1895,8,8.331,0.143,8.255,0.122,8.21,0.106
1895,9,8.298,0.14,8.235,0.121,8.214,0.105
1895,10,8.227,0.144,8.233,0.121,8.218,0.105
1895,11,8.224,0.147,8.234,0.121,8.225,0.105
1895,12,8.243,0.152,8.239,0.118,8.231,0.104
1896,1,8.251,0.159,8.234,0.118,8.235,0.104
1896,2,8.262,0.162,8.236,0.118,8.246,0.103
1896,3,8.266,0.166,8.235,0.117,8.252,0.104
1896,4,8.293,0.167,8.23,0.115,8.26,0.104
1896,5,8.254,0.17,8.224,0.114,8.263,0.105
1896,6,8.242,0.171,8.23,0.112,8.268,0.105
1896,7,8.213,0.165,8.246,0.11,8.271,0.106
1896,8,8.191,0.176,8.238,0.111,8.274,0.105
1896,9,8.197,0.165,8.231,0.111,8.276,0.105
1896,10,8.276,0.15,8.243,0.111,8.278,0.105
1896,11,8.319,0.145,8.245,0.112,8.285,0.105
1896,12,8.317,0.143,8.247,0.112,8.283,0.105
1897,1,8.318,0.148,8.248,0.112,8.288,0.104
1897,2,8.316,0.153,8.252,0.112,8.295,0.104
1897,3,8.326,0.156,8.26,0.112,8.299,0.104
1897,4,8.311,0.165,8.264,0.112,8.302,0.105
1897,5,8.341,0.174,8.282,0.113,8.304,0.105
1897,6,8.336,0.162,8.28,0.112,8.304,0.105
1897,7,8.405,0.163,8.284,0.11,8.306,0.104
1897,8,8.398,0.159,8.302,0.107,8.307,0.104
1897,9,8.349,0.163,8.316,0.107,8.308,0.103
1897,10,8.314,0.164,8.316,0.106,8.304,0.103
1897,11,8.265,0.163,8.325,0.106,8.307,0.104
1897,12,8.274,0.149,8.33,0.107,8.306,0.103
1898,1,8.257,0.141,8.331,0.107,8.322,0.103
1898,2,8.248,0.139,8.335,0.107,8.337,0.104
1898,3,8.232,0.134,8.339,0.107,8.337,0.104
1898,4,8.193,0.129,8.348,0.106,8.336,0.104
1898,5,8.172,0.135,8.348,0.105,8.337,0.104
1898,6,8.19,0.141,8.352,0.104,8.335,0.103
1898,7,8.174,0.133,8.35,0.104,8.332,0.102
1898,8,8.175,0.143,8.356,0.103,8.331,0.101
1898,9,8.249,0.149,8.378,0.103,8.329,0.1
1898,10,8.289,0.156,8.398,0.103,8.326,0.1
1898,11,8.311,0.159,8.403,0.103,8.324,0.099
1898,12,8.277,0.158,8.404,0.104,8.322,0.098
1899,1,8.288,0.158,8.406,0.105,8.322,0.097
1899,2,8.304,0.162,8.408,0.105,8.318,0.096
1899,3,8.337,0.163,8.41,0.104,8.314,0.096
1899,4,8.384,0.168,8.402,0.104,8.314,0.096
1899,5,8.476,0.174,8.412,0.104,8.313,0.097
1899,6,8.44,0.17,8.413,0.103,8.314,0.097
1899,7,8.353,0.171,8.424,0.105,8.312,0.097
1899,8,8.414,0.17,8.443,0.107,8.31,0.097
1899,9,8.485,0.167,8.451,0.108,8.308,0.096
1899,10,8.476,0.162,8.446,0.108,8.305,0.096
1899,11,8.508,0.162,8.438,0.108,8.311,0.097
1899,12,8.541,0.157,8.436,0.107,8.312,0.097
1900,1,8.542,0.15,8.436,0.105,8.32,0.097
1900,2,8.546,0.144,8.434,0.104,8.319,0.097
1900,3,8.534,0.145,8.431,0.103,8.32,0.096
1900,4,8.562,0.146,8.423,0.104,8.317,0.096
1900,5,8.498,0.14,8.415,0.106,8.317,0.097
1900,6,8.554,0.132,8.406,0.107,8.318,0.098
1900,7,8.603,0.131,8.401,0.107,8.317,0.098
1900,8,8.601,0.135,8.419,0.108,8.317,0.099
1900,9,8.611,0.131,8.439,0.111,8.317,0.099
1900,10,8.637,0.131,8.44,0.111,8.316,0.099
1900,11,8.612,0.129,8.439,0.112,8.319,0.099
1900,12,8.614,0.13,8.43,0.111,8.318,0.098
1901,1,8.623,0.132,8.429,0.109,8.316,0.098
1901,2,8.625,0.132,8.427,0.107,8.313,0.098
1901,3,8.621,0.127,8.422,0.105,8.318,0.097
1901,4,8.562,0.124,8.422,0.104,8.329,0.096
1901,5,8.574,0.126,8.423,0.102,8.332,0.097
1901,6,8.548,0.126,8.414,0.102,8.332,0.097
1901,7,8.587,0.134,8.399,0.101,8.331,0.098
1901,8,8.626,0.14,8.398,0.098,8.331,0.097
1901,9,8.563,0.142,8.396,0.097,8.331,0.096
1901,10,8.515,0.142,8.385,0.097,8.329,0.097
1901,11,8.491,0.14,8.382,0.096,8.33,0.096
1901,12,8.477,0.136,8.381,0.096,8.333,0.096
1902,1,8.468,0.133,8.375,0.096,8.332,0.096
1902,2,8.447,0.131,8.369,0.096,8.329,0.096
1902,3,8.431,0.13,8.356,0.095,8.332,0.096
1902,4,8.413,0.133,8.346,0.095,8.327,0.096
1902,5,8.355,0.144,8.34,0.095,8.318,0.095
1902,6,8.299,0.151,8.345,0.096,8.313,0.095
1902,7,8.287,0.149,8.357,0.098,8.309,0.095
1902,8,8.28,0.155,8.337,0.101,8.307,0.094
1902,9,8.289,0.156,8.324,0.101,8.305,0.094
1902,10,8.281,0.151,8.317,0.103,8.304,0.095
1902,11,8.274,0.152,8.309,0.103,8.3,0.094
1902,12,8.244,0.149,8.305,0.104,8.298,0.096
1903,1,8.224,0.138,8.303,0.104,8.293,0.095
1903,2,8.212,0.136,8.299,0.105,8.297,0.096
1903,3,8.187,0.131,8.295,0.105,8.301,0.096
1903,4,8.189,0.13,8.283,0.106,8.301,0.096
1903,5,8.214,0.122,8.289,0.106,8.303,0.096
1903,6,8.231,0.119,8.283,0.107,8.302,0.097
1903,7,8.167,0.115,8.282,0.107,8.303,0.097
1903,8,8.069,0.111,8.269,0.109,8.302,0.096
1903,9,8.033,0.106,8.258,0.108,8.304,0.096
1903,10,8.019,0.107,8.26,0.107,8.304,0.096
1903,11,8.023,0.112,8.261,0.107,8.302,0.096
1903,12,8.031,0.112,8.26,0.106,8.298,0.096
1904,1,8.015,0.118,8.257,0.106,8.288,0.096
1904,2,8.017,0.126,8.255,0.106,8.29,0.095
1904,3,8.009,0.133,8.252,0.105,8.29,0.095
1904,4,8.004,0.132,8.255,0.105,8.284,0.096
1904,5,8.057,0.138,8.248,0.105,8.28,0.096
1904,6,8.092,0.14,8.253,0.105,8.28,0.097
1904,7,8.14,0.142,8.24,0.104,8.279,0.097
1904,8,8.11,0.153,8.216,0.103,8.279,0.097
1904,9,8.125,0.156,8.212,0.101,8.277,0.097
1904,10,8.132,0.154,8.207,0.1,8.275,0.098
1904,11,8.145,0.15,8.199,0.1,8.272,0.097
1904,12,8.159,0.154,8.19,0.101,8.273,0.098
1905,1,8.184,0.156,8.183,0.102,8.28,0.099
1905,2,8.197,0.158,8.18,0.102,8.277,0.099
1905,3,8.23,0.163,8.178,0.102,8.27,0.099
1905,4,8.249,0.164,8.186,0.103,8.269,0.1
1905,5,8.245,0.16,8.185,0.101,8.265,0.1
1905,6,8.248,0.157,8.189,0.102,8.263,0.101
1905,7,8.229,0.154,8.186,0.101,8.263,0.1
1905,8,8.262,0.148,8.175,0.099,8.262,0.101
1905,9,8.28,0.14,8.162,0.098,8.26,0.1
1905,10,8.352,0.132,8.162,0.099,8.254,0.1
1905,11,8.372,0.13,8.168,0.099,8.25,0.1
1905,12,8.389,0.127,8.174,0.1,8.241,0.1
1906,1,8.392,0.127,8.178,0.102,8.236,0.1
1906,2,8.402,0.125,8.177,0.103,8.231,0.101
1906,3,8.401,0.119,8.186,0.104,8.221,0.101
1906,4,8.422,0.117,8.186,0.104,8.216,0.1
1906,5,8.369,0.111,8.181,0.105,8.213,0.101
1906,6,8.397,0.112,8.183,0.105,8.21,0.1
1906,7,8.376,0.113,8.176,0.106,8.208,0.1
1906,8,8.359,0.113,8.182,0.107,8.205,0.1
1906,9,8.334,0.114,8.184,0.108,8.202,0.1
1906,10,8.251,0.115,8.182,0.109,8.204,0.1
1906,11,8.18,0.113,8.179,0.109,8.204,0.1
1906,12,8.129,0.113,8.178,0.11,8.204,0.1
1907,1,8.1,0.115,8.183,0.11,8.202,0.1
1907,2,8.072,0.113,8.188,0.11,8.199,0.099
1907,3,8.066,0.115,8.197,0.111,8.195,0.099
1907,4,8.064,0.118,8.203,0.112,8.197,0.099
1907,5,8.04,0.121,8.204,0.112,8.2,0.099
1907,6,7.979,0.127,8.202,0.111,8.202,0.099
1907,7,8.017,0.13,8.203,0.111,8.198,0.099
1907,8,8.075,0.132,8.217,0.111,8.194,0.099
1907,9,8.039,0.137,8.216,0.111,8.19,0.1
1907,10,8.056,0.143,8.222,0.111,8.186,0.099
1907,11,8.118,0.143,8.221,0.111,8.188,0.098
1907,12,8.163,0.143,8.221,0.111,8.191,0.098
1908,1,8.197,0.142,8.224,0.11,8.187,0.098
1908,2,8.199,0.146,8.225,0.11,8.177,0.098
1908,3,8.222,0.142,8.225,0.11,8.174,0.098
1908,4,8.191,0.138,8.225,0.11,8.175,0.098
1908,5,8.192,0.141,8.211,0.11,8.174,0.098
1908,6,8.197,0.138,8.199,0.108,8.175,0.099
1908,7,8.12,0.135,8.191,0.107,8.177,0.1
1908,8,8.105,0.14,8.192,0.109,8.179,0.1
1908,9,8.141,0.144,8.183,0.109,8.182,0.101
1908,10,8.119,0.146,8.173,0.109,8.184,0.101
1908,11,8.077,0.148,8.166,0.109,8.188,0.101
1908,12,8.052,0.149,8.161,0.11,8.198,0.101
1909,1,8.041,0.147,8.159,0.11,8.211,0.101
1909,2,8.071,0.146,8.155,0.111,8.219,0.101
1909,3,8.066,0.153,8.153,0.111,8.222,0.102
1909,4,8.091,0.158,8.153,0.11,8.226,0.101
1909,5,8.173,0.157,8.16,0.111,8.229,0.101
1909,6,8.187,0.152,8.155,0.111,8.234,0.102
1909,7,8.274,0.151,8.164,0.111,8.238,0.102
1909,8,8.284,0.148,8.182,0.112,8.241,0.102
1909,9,8.286,0.148,8.178,0.114,8.245,0.102
1909,10,8.33,0.146,8.188,0.114,8.25,0.101
1909,11,8.36,0.143,8.202,0.113,8.247,0.101
1909,12,8.372,0.144,8.214,0.112,8.249,0.1
1910,1,8.388,0.142,8.214,0.111,8.249,0.1
1910,2,8.382,0.144,8.209,0.112,8.26,0.1
1910,3,8.369,0.142,8.201,0.112,8.263,0.1
1910,4,8.355,0.139,8.186,0.111,8.271,0.099
1910,5,8.279,0.141,8.191,0.11,8.275,0.099
1910,6,8.232,0.136,8.192,0.109,8.276,0.099
1910,7,8.168,0.133,8.188,0.109,8.279,0.099
1910,8,8.139,0.134,8.18,0.11,8.28,0.098
1910,9,8.118,0.13,8.185,0.111,8.28,0.097
1910,10,8.109,0.126,8.188,0.109,8.28,0.097
1910,11,8.094,0.123,8.181,0.11,8.28,0.097
1910,12,8.088,0.124,8.177,0.11,8.281,0.096
1911,1,8.071,0.127,8.176,0.109,8.286,0.097
1911,2,8.052,0.124,8.181,0.109,8.291,0.097
1911,3,8.043,0.122,8.178,0.11,8.29,0.097
1911,4,8.065,0.12,8.181,0.11,8.285,0.097
1911,5,8.117,0.113,8.195,0.108,8.283,0.097
1911,6,8.179,0.122,8.212,0.107,8.279,0.097
1911,7,8.243,0.121,8.246,0.106,8.278,0.097
1911,8,8.31,0.118,8.255,0.106,8.277,0.097
1911,9,8.305,0.121,8.261,0.105,8.276,0.097
1911,10,8.324,0.121,8.269,0.103,8.275,0.096
1911,11,8.361,0.119,8.28,0.102,8.275,0.096
1911,12,8.397,0.116,8.289,0.103,8.264,0.096
1912,1,8.371,0.117,8.293,0.103,8.266,0.097
1912,2,8.34,0.118,8.293,0.103,8.267,0.097
1912,3,8.306,0.123,8.293,0.102,8.266,0.098
1912,4,8.231,0.123,8.297,0.101,8.267,0.098
1912,5,8.197,0.119,8.29,0.1,8.267,0.098
1912,6,8.165,0.116,8.297,0.1,8.268,0.097
1912,7,8.137,0.117,8.295,0.099,8.271,0.097
1912,8,8.062,0.123,8.303,0.099,8.272,0.097
1912,9,8.078,0.125,8.311,0.098,8.272,0.097
1912,10,8.057,0.124,8.32,0.097,8.266,0.096
1912,11,8.014,0.128,8.328,0.098,8.271,0.095
1912,12,7.975,0.133,8.331,0.097,8.265,0.094
1913,1,8.009,0.135,8.333,0.098,8.262,0.094
1913,2,8.061,0.135,8.334,0.097,8.259,0.094
1913,3,8.106,0.132,8.335,0.097,8.264,0.094
1913,4,8.166,0.136,8.335,0.096,8.262,0.093
1913,5,8.209,0.137,8.349,0.096,8.256,0.094
1913,6,8.298,0.135,8.364,0.097,8.253,0.094
1913,7,8.408,0.135,8.38,0.098,8.251,0.093
1913,8,8.482,0.134,8.39,0.098,8.251,0.092
1913,9,8.519,0.126,8.397,0.098,8.25,0.092
1913,10,8.525,0.123,8.398,0.098,8.255,0.092
1913,11,8.573,0.118,8.4,0.098,8.258,0.091
1913,12,8.615,0.117,8.398,0.098,8.256,0.09
1914,1,8.628,0.115,8.397,0.097,8.263,0.09
1914,2,8.628,0.115,8.399,0.098,8.264,0.09
1914,3,8.641,0.115,8.4,0.098,8.265,0.089
1914,4,8.671,0.112,8.396,0.096,8.272,0.088
1914,5,8.65,0.115,8.39,0.095,8.274,0.088
1914,6,8.609,0.117,8.372,0.095,8.276,0.088
1914,7,8.518,0.117,8.368,0.095,8.278,0.087
1914,8,8.521,0.119,8.352,0.096,8.278,0.087
1914,9,8.536,0.117,8.354,0.095,8.278,0.087
1914,10,8.587,0.116,8.347,0.094,8.279,0.086
1914,11,8.599,0.121,8.332,0.094,8.273,0.085
1914,12,8.581,0.119,8.322,0.095,8.273,0.086
1915,1,8.588,0.123,8.329,0.095,8.276,0.085
1915,2,8.588,0.124,8.335,0.095,8.275,0.085
1915,3,8.579,0.126,8.343,0.094,8.28,0.085
1915,4,8.542,0.129,8.346,0.093,8.281,0.084
1915,5,8.575,0.13,8.351,0.092,8.282,0.084
1915,6,8.571,0.129,8.338,0.091,8.281,0.084
1915,7,8.595,0.137,8.335,0.091,8.281,0.084
1915,8,8.572,0.132,8.337,0.09,8.28,0.083
1915,9,8.548,0.133,8.342,0.089,8.28,0.083
1915,10,8.496,0.133,8.335,0.089,8.28,0.082
1915,11,8.454,0.126,8.331,0.088,8.282,0.081
1915,12,8.421,0.124,8.33,0.087,8.281,0.081
1916,1,8.39,0.116,8.327,0.087,8.292,0.081
1916,2,8.376,0.118,8.321,0.086,8.298,0.081
1916,3,8.366,0.115,8.322,0.085,8.303,0.082
1916,4,8.371,0.109,8.328,0.085,8.305,0.081
1916,5,8.32,0.106,8.322,0.085,8.308,0.082
1916,6,8.218,0.108,8.3,0.085,8.311,0.081
1916,7,8.179,0.108,8.28,0.085,8.313,0.081
1916,8,8.123,0.108,8.273,0.085,8.313,0.081
1916,9,8.089,0.109,8.269,0.084,8.315,0.081
1916,10,8.068,0.109,8.275,0.084,8.315,0.08
1916,11,8.021,0.112,8.268,0.084,8.314,0.08
1916,12,8.016,0.112,8.263,0.083,8.316,0.079
1917,1,8.031,0.115,8.263,0.082,8.313,0.079
1917,2,8.02,0.116,8.263,0.081,8.306,0.079
1917,3,8.021,0.114,8.263,0.082,8.312,0.079
1917,4,7.981,0.111,8.261,0.082,8.313,0.079
1917,5,8,0.109,8.256,0.082,8.311,0.079
1917,6,7.993,0.107,8.249,0.083,8.309,0.08
1917,7,7.975,0.102,8.258,0.082,8.313,0.079
1917,8,7.988,0.104,8.248,0.083,8.316,0.079
1917,9,8.02,0.105,8.249,0.083,8.32,0.078
1917,10,8.002,0.104,8.242,0.083,8.326,0.078
1917,11,8.008,0.105,8.235,0.083,8.33,0.078
1917,12,8.015,0.106,8.232,0.082,8.334,0.078
1918,1,7.996,0.105,8.229,0.082,8.338,0.078
1918,2,7.992,0.104,8.227,0.082,8.339,0.077
1918,3,8.005,0.105,8.225,0.082,8.342,0.077
1918,4,8.076,0.107,8.225,0.081,8.339,0.077
1918,5,8.066,0.106,8.214,0.08,8.34,0.077
1918,6,8.111,0.106,8.198,0.078,8.341,0.077
1918,7,8.133,0.103,8.204,0.078,8.339,0.077
1918,8,8.161,0.102,8.206,0.078,8.337,0.076
1918,9,8.152,0.099,8.209,0.078,8.338,0.076
1918,10,8.221,0.099,8.212,0.078,8.341,0.076
1918,11,8.26,0.1,8.215,0.079,8.343,0.076
1918,12,8.284,0.1,8.224,0.079,8.341,0.076
1919,1,8.308,0.1,8.23,0.078,8.332,0.077
1919,2,8.338,0.101,8.228,0.078,8.329,0.076
1919,3,8.345,0.103,8.23,0.078,8.331,0.076
1919,4,8.338,0.102,8.234,0.078,8.33,0.076
1919,5,8.32,0.106,8.238,0.079,8.328,0.076
1919,6,8.352,0.112,8.26,0.078,8.326,0.075
1919,7,8.407,0.113,8.259,0.078,8.325,0.075
1919,8,8.396,0.117,8.259,0.077,8.324,0.075
1919,9,8.437,0.117,8.27,0.077,8.323,0.074
1919,10,8.422,0.12,8.279,0.078,8.321,0.074
1919,11,8.434,0.12,8.289,0.079,8.326,0.074
1919,12,8.422,0.12,8.297,0.08,8.324,0.073
1920,1,8.418,0.12,8.297,0.08,8.323,0.074
1920,2,8.407,0.123,8.298,0.08,8.318,0.074
1920,3,8.39,0.122,8.297,0.08,8.317,0.074
1920,4,8.362,0.12,8.305,0.08,8.314,0.075
1920,5,8.365,0.117,8.308,0.081,8.31,0.074
1920,6,8.316,0.112,8.331,0.082,8.307,0.074
1920,7,8.326,0.112,8.341,0.082,8.304,0.074
1920,8,8.362,0.114,8.341,0.082,8.304,0.074
1920,9,8.346,0.114,8.341,0.083,8.304,0.074
1920,10,8.346,0.116,8.343,0.084,8.306,0.073
1920,11,8.352,0.117,8.348,0.083,8.306,0.073
1920,12,8.381,0.114,8.353,0.083,8.312,0.073
1921,1,8.395,0.111,8.352,0.084,8.319,0.073
1921,2,8.383,0.109,8.354,0.084,8.325,0.074
1921,3,8.392,0.105,8.353,0.084,8.332,0.074
1921,4,8.413,0.106,8.354,0.085,8.332,0.074
1921,5,8.44,0.107,8.365,0.085,8.331,0.074
1921,6,8.526,0.109,8.382,0.087,8.334,0.074
1921,7,8.456,0.109,8.384,0.089,8.334,0.074
1921,8,8.389,0.105,8.384,0.089,8.336,0.074
1921,9,8.396,0.103,8.394,0.089,8.338,0.074
1921,10,8.403,0.105,8.385,0.089,8.342,0.074
1921,11,8.393,0.104,8.388,0.087,8.347,0.074
1921,12,8.382,0.108,8.388,0.087,8.355,0.074
1922,1,8.367,0.109,8.388,0.087,8.356,0.075
1922,2,8.368,0.111,8.385,0.087,8.361,0.074
1922,3,8.356,0.112,8.384,0.086,8.362,0.075
1922,4,8.337,0.114,8.381,0.086,8.363,0.075
1922,5,8.352,0.116,8.395,0.085,8.369,0.076
1922,6,8.351,0.119,8.399,0.085,8.371,0.076
1922,7,8.382,0.124,8.389,0.087,8.372,0.076
1922,8,8.399,0.127,8.388,0.086,8.373,0.076
1922,9,8.375,0.134,8.384,0.085,8.377,0.076
1922,10,8.322,0.136,8.386,0.085,8.388,0.076
1922,11,8.303,0.132,8.384,0.083,8.391,0.076
1922,12,8.296,0.129,8.383,0.083,8.399,0.076
1923,1,8.271,0.129,8.379,0.083,8.407,0.076
1923,2,8.274,0.127,8.38,0.083,8.413,0.076
1923,3,8.285,0.13,8.383,0.082,8.414,0.076
1923,4,8.321,0.13,8.386,0.083,8.418,0.077
1923,5,8.347,0.127,8.399,0.082,8.423,0.077
1923,6,8.365,0.128,8.427,0.084,8.424,0.077
1923,7,8.348,0.127,8.434,0.085,8.426,0.077
1923,8,8.376,0.123,8.443,0.086,8.428,0.077
1923,9,8.417,0.118,8.455,0.086,8.429,0.077
1923,10,8.433,0.114,8.453,0.086,8.429,0.076
1923,11,8.457,0.113,8.448,0.085,8.434,0.077
1923,12,8.461,0.111,8.443,0.085,8.442,0.077
1924,1,8.488,0.109,8.438,0.086,8.44,0.077
1924,2,8.491,0.108,8.443,0.086,8.433,0.077
1924,3,8.496,0.105,8.446,0.087,8.436,0.078
1924,4,8.47,0.103,8.45,0.087,8.432,0.078
1924,5,8.472,0.102,8.457,0.086,8.431,0.078
1924,6,8.435,0.099,8.45,0.087,8.427,0.078
1924,7,8.432,0.101,8.453,0.088,8.424,0.078
1924,8,8.413,0.097,8.462,0.087,8.422,0.079
1924,9,8.389,0.094,8.453,0.087,8.42,0.079
1924,10,8.426,0.094,8.447,0.086,8.421,0.079
1924,11,8.414,0.097,8.448,0.086,8.426,0.079
1924,12,8.394,0.1,8.446,0.085,8.419,0.078
1925,1,8.374,0.101,8.446,0.085,8.414,0.079
1925,2,8.385,0.104,8.449,0.084,8.417,0.079
1925,3,8.388,0.104,8.457,0.084,8.419,0.079
1925,4,8.387,0.103,8.47,0.084,8.417,0.079
1925,5,8.383,0.103,8.474,0.083,8.416,0.079
1925,6,8.457,0.108,8.466,0.083,8.417,0.079
1925,7,8.554,0.106,8.473,0.081,8.418,0.079
1925,8,8.638,0.112,8.486,0.081,8.42,0.079
1925,9,8.699,0.111,8.487,0.081,8.421,0.08
1925,10,8.681,0.111,8.494,0.081,8.422,0.08
1925,11,8.671,0.109,8.498,0.081,8.43,0.08
1925,12,8.684,0.111,8.495,0.081,8.439,0.081
1926,1,8.692,0.112,8.5,0.081,8.436,0.081
1926,2,8.698,0.113,8.502,0.081,8.432,0.081
1926,3,8.706,0.115,8.504,0.081,8.433,0.081
1926,4,8.736,0.115,8.503,0.081,8.431,0.081
1926,5,8.73,0.115,8.502,0.081,8.429,0.08
1926,6,8.643,0.115,8.501,0.08,8.429,0.08
1926,7,8.546,0.115,8.495,0.079,8.43,0.08
1926,8,8.485,0.11,8.482,0.078,8.435,0.08
1926,9,8.387,0.109,8.477,0.079,8.438,0.08
1926,10,8.374,0.108,8.478,0.08,8.443,0.08
1926,11,8.394,0.11,8.473,0.081,8.446,0.079
1926,12,8.394,0.107,8.466,0.082,8.448,0.08
1927,1,8.407,0.105,8.46,0.082,8.459,0.081
1927,2,8.394,0.104,8.46,0.083,8.464,0.081
1927,3,8.408,0.104,8.457,0.084,8.462,0.081
1927,4,8.436,0.105,8.461,0.085,8.464,0.081
1927,5,8.439,0.107,8.456,0.086,8.465,0.081
1927,6,8.429,0.104,8.44,0.086,8.465,0.08
1927,7,8.484,0.102,8.44,0.085,8.465,0.08
1927,8,8.515,0.109,8.447,0.086,8.467,0.08
1927,9,8.54,0.112,8.453,0.087,8.471,0.08
1927,10,8.555,0.112,8.448,0.087,8.476,0.079
1927,11,8.555,0.111,8.448,0.088,8.474,0.079
1927,12,8.541,0.11,8.452,0.089,8.472,0.078
1928,1,8.54,0.11,8.458,0.088,8.469,0.078
1928,2,8.541,0.112,8.46,0.089,8.469,0.078
1928,3,8.523,0.109,8.458,0.09,8.468,0.078
1928,4,8.487,0.109,8.459,0.09,8.47,0.077
1928,5,8.487,0.11,8.462,0.09,8.471,0.077
1928,6,8.541,0.11,8.452,0.09,8.47,0.077
1928,7,8.46,0.111,8.438,0.089,8.472,0.077
1928,8,8.359,0.108,8.421,0.088,8.474,0.076
1928,9,8.37,0.111,8.411,0.088,8.473,0.076
1928,10,8.355,0.111,8.409,0.088,8.471,0.077
1928,11,8.332,0.112,8.41,0.088,8.467,0.076
1928,12,8.317,0.114,8.415,0.087,8.46,0.076
1929,1,8.286,0.114,8.422,0.087,8.46,0.076
1929,2,8.281,0.118,8.426,0.087,8.466,0.076
1929,3,8.261,0.119,8.429,0.087,8.461,0.076
1929,4,8.258,0.123,8.436,0.087,8.46,0.076
1929,5,8.241,0.124,8.435,0.086,8.463,0.076
1929,6,8.129,0.123,8.445,0.086,8.463,0.076
1929,7,8.155,0.128,8.466,0.087,8.464,0.076
1929,8,8.236,0.13,8.466,0.088,8.465,0.077
1929,9,8.27,0.133,8.47,0.088,8.463,0.077
1929,10,8.276,0.13,8.481,0.089,8.465,0.078
1929,11,8.288,0.129,8.482,0.089,8.464,0.077
1929,12,8.323,0.126,8.483,0.089,8.468,0.077
1930,1,8.365,0.124,8.484,0.089,8.466,0.077
1930,2,8.388,0.123,8.485,0.089,8.477,0.078
1930,3,8.392,0.123,8.486,0.088,8.48,0.078
1930,4,8.376,0.124,8.482,0.088,8.474,0.077
1930,5,8.41,0.122,8.474,0.087,8.472,0.077
1930,6,8.516,0.124,8.478,0.087,8.474,0.078
1930,7,8.544,0.121,8.464,0.088,8.476,0.077
1930,8,8.509,0.119,8.452,0.088,8.476,0.078
1930,9,8.486,0.114,8.45,0.087,8.476,0.078
1930,10,8.486,0.113,8.447,0.086,8.478,0.078
1930,11,8.481,0.108,8.445,0.085,8.47,0.078
1930,12,8.499,0.106,8.445,0.085,8.462,0.077
1931,1,8.511,0.105,8.444,0.085,8.451,0.077
1931,2,8.527,0.103,8.445,0.084,8.44,0.076
1931,3,8.563,0.102,8.442,0.084,8.433,0.076
1931,4,8.621,0.1,8.439,0.085,8.432,0.076
1931,5,8.595,0.098,8.431,0.084,8.435,0.076
1931,6,8.611,0.1,8.418,0.084,8.435,0.075
1931,7,8.686,0.105,8.425,0.085,8.439,0.075
1931,8,8.709,0.106,8.45,0.086,8.439,0.075
1931,9,8.682,0.107,8.444,0.084,8.438,0.075
1931,10,8.733,0.109,8.442,0.084,8.437,0.075
1931,11,8.752,0.111,8.452,0.083,8.437,0.075
1931,12,8.736,0.112,8.46,0.083,8.441,0.075
1932,1,8.719,0.111,8.467,0.082,8.442,0.074
1932,2,8.688,0.108,8.469,0.082,8.446,0.075
1932,3,8.69,0.107,8.469,0.081,8.448,0.074
1932,4,8.668,0.106,8.468,0.081,8.448,0.074
1932,5,8.637,0.105,8.472,0.081,8.45,0.073
1932,6,8.595,0.102,8.496,0.081,8.453,0.073
1932,7,8.474,0.099,8.492,0.081,8.453,0.072
1932,8,8.446,0.1,8.508,0.081,8.456,0.072
1932,9,8.439,0.1,8.506,0.08,8.457,0.072
1932,10,8.385,0.099,8.499,0.079,8.456,0.072
1932,11,8.37,0.095,8.496,0.079,8.456,0.071
1932,12,8.349,0.093,8.495,0.078,8.457,0.071
1933,1,8.339,0.094,8.493,0.078,8.456,0.071
1933,2,8.343,0.093,8.491,0.078,8.457,0.071
1933,3,8.306,0.095,8.493,0.078,8.462,0.071
1933,4,8.27,0.097,8.497,0.077,8.468,0.07
1933,5,8.27,0.099,8.479,0.077,8.47,0.069
1933,6,8.239,0.099,8.472,0.077,8.472,0.069
1933,7,8.263,0.1,8.464,0.077,8.474,0.069
1933,8,8.349,0.101,8.46,0.077,8.476,0.069
1933,9,8.342,0.099,8.456,0.076,8.479,0.069
1933,10,8.333,0.1,8.455,0.076,8.482,0.069
1933,11,8.371,0.101,8.459,0.076,8.484,0.069
1933,12,8.395,0.103,8.456,0.076,8.481,0.069
1934,1,8.403,0.104,8.456,0.075,8.488,0.069
1934,2,8.402,0.107,8.452,0.075,8.497,0.069
1934,3,8.393,0.107,8.447,0.076,8.496,0.069
1934,4,8.408,0.107,8.439,0.076,8.498,0.068
1934,5,8.449,0.108,8.439,0.076,8.504,0.068
1934,6,8.517,0.109,8.437,0.076,8.509,0.068
1934,7,8.493,0.107,8.417,0.074,8.513,0.068
1934,8,8.528,0.107,8.427,0.074,8.516,0.067
1934,9,8.578,0.108,8.425,0.074,8.517,0.067
1934,10,8.558,0.106,8.415,0.073,8.516,0.067
1934,11,8.507,0.107,8.418,0.072,8.516,0.067
1934,12,8.498,0.106,8.422,0.071,8.536,0.067
1935,1,8.495,0.106,8.422,0.071,8.536,0.067
1935,2,8.494,0.105,8.427,0.071,8.538,0.067
1935,3,8.514,0.105,8.429,0.071,8.537,0.066
1935,4,8.52,0.103,8.429,0.071,8.542,0.066
1935,5,8.443,0.102,8.437,0.071,8.544,0.065
1935,6,8.397,0.101,8.437,0.071,8.546,0.064
1935,7,8.401,0.099,8.449,0.071,8.548,0.064
1935,8,8.267,0.098,8.461,0.071,8.547,0.064
1935,9,8.236,0.097,8.475,0.071,8.551,0.063
1935,10,8.266,0.098,8.489,0.07,8.553,0.063
1935,11,8.296,0.097,8.496,0.07,8.549,0.063
1935,12,8.301,0.097,8.5,0.07,8.552,0.063
1936,1,8.326,0.094,8.503,0.07,8.552,0.063
1936,2,8.332,0.094,8.507,0.07,8.56,0.063
1936,3,8.334,0.096,8.516,0.07,8.559,0.063
1936,4,8.332,0.097,8.525,0.069,8.563,0.063
1936,5,8.395,0.098,8.537,0.069,8.567,0.063
1936,6,8.437,0.098,8.543,0.069,8.568,0.063
1936,7,8.456,0.098,8.552,0.068,8.569,0.063
1936,8,8.543,0.099,8.545,0.068,8.568,0.063
1936,9,8.53,0.098,8.548,0.068,8.564,0.063
1936,10,8.532,0.099,8.554,0.067,8.563,0.063
1936,11,8.547,0.1,8.555,0.067,8.56,0.063
1936,12,8.568,0.099,8.558,0.067,8.557,0.062
1937,1,8.549,0.101,8.559,0.067,8.553,0.061
1937,2,8.564,0.098,8.562,0.067,8.552,0.061
1937,3,8.596,0.095,8.566,0.067,8.555,0.061
1937,4,8.618,0.093,8.563,0.066,8.553,0.06
1937,5,8.629,0.094,8.56,0.066,8.554,0.06
1937,6,8.593,0.093,8.577,0.066,8.555,0.059
1937,7,8.63,0.092,8.579,0.066,8.554,0.059
1937,8,8.62,0.094,8.568,0.065,8.555,0.059
1937,9,8.688,0.094,8.568,0.065,8.554,0.059
1937,10,8.753,0.094,8.584,0.065,8.553,0.059
1937,11,8.759,0.092,8.592,0.064,8.558,0.06
1937,12,8.737,0.091,8.597,0.064,8.561,0.06
1938,1,8.744,0.091,8.602,0.064,8.563,0.06
1938,2,8.74,0.091,8.604,0.063,8.571,0.059
1938,3,8.743,0.093,8.609,0.063,8.573,0.059
1938,4,8.749,0.094,8.609,0.064,8.578,0.059
1938,5,8.767,0.095,8.62,0.063,8.582,0.058
1938,6,8.773,0.097,8.632,0.063,8.582,0.058
1938,7,8.779,0.098,8.641,0.063,8.584,0.058
1938,8,8.767,0.098,8.66,0.063,8.584,0.057
1938,9,8.707,0.099,8.663,0.064,8.586,0.057
1938,10,8.66,0.098,8.67,0.064,8.592,0.057
1938,11,8.665,0.098,8.675,0.064,8.595,0.057
1938,12,8.685,0.1,8.68,0.064,8.604,0.057
1939,1,8.681,0.101,8.681,0.065,8.613,0.056
1939,2,8.68,0.101,8.684,0.064,8.612,0.056
1939,3,8.642,0.1,8.682,0.064,8.619,0.056
1939,4,8.596,0.098,8.686,0.063,8.622,0.056
1939,5,8.565,0.098,8.682,0.063,8.621,0.056
1939,6,8.683,0.097,8.678,0.062,8.622,0.056
1939,7,8.632,0.096,8.689,0.061,8.623,0.056
1939,8,8.642,0.095,8.678,0.061,8.626,0.056
1939,9,8.679,0.094,8.685,0.061,8.631,0.055
1939,10,8.71,0.095,8.69,0.061,8.635,0.055
1939,11,8.692,0.094,8.689,0.061,8.633,0.055
1939,12,8.695,0.093,8.689,0.061,8.628,0.054
1940,1,8.711,0.092,8.686,0.061,8.632,0.054
1940,2,8.704,0.091,8.683,0.062,8.62,0.054
1940,3,8.731,0.091,8.679,0.062,8.618,0.054
1940,4,8.751,0.091,8.677,0.062,8.626,0.054
1940,5,8.743,0.088,8.678,0.062,8.628,0.054
1940,6,8.674,0.087,8.686,0.062,8.628,0.053
1940,7,8.708,0.088,8.678,0.062,8.628,0.053
1940,8,8.727,0.088,8.68,0.062,8.632,0.053
1940,9,8.711,0.091,8.671,0.061,8.634,0.053
1940,10,8.697,0.091,8.667,0.061,8.635,0.053
1940,11,8.71,0.093,8.667,0.06,8.64,0.053
1940,12,8.714,0.093,8.664,0.06,8.638,0.052
1941,1,8.72,0.095,8.664,0.06,8.645,0.052
1941,2,8.734,0.095,8.662,0.059,8.653,0.052
1941,3,8.696,0.094,8.656,0.059,8.655,0.052
1941,4,8.715,0.092,8.658,0.059,8.661,0.052
1941,5,8.703,0.092,8.653,0.059,8.662,0.052
1941,6,8.666,0.092,8.665,0.058,8.662,0.052
1941,7,8.697,0.089,8.675,0.058,8.66,0.052
1941,8,8.634,0.088,8.68,0.058,8.66,0.052
1941,9,8.641,0.088,8.689,0.058,8.661,0.051
1941,10,8.631,0.087,8.691,0.058,8.659,0.051
1941,11,8.618,0.086,8.688,0.058,8.66,0.051
1941,12,8.614,0.086,8.686,0.058,8.654,0.051
1942,1,8.575,0.087,8.687,0.058,8.655,0.05
1942,2,8.554,0.087,8.689,0.058,8.653,0.05
1942,3,8.581,0.087,8.697,0.058,8.661,0.05
1942,4,8.576,0.088,8.707,0.058,8.666,0.05
1942,5,8.613,0.09,8.705,0.057,8.665,0.05
1942,6,8.634,0.089,8.68,0.057,8.664,0.05
1942,7,8.574,0.09,8.684,0.057,8.664,0.05
1942,8,8.63,0.091,8.671,0.058,8.663,0.05
1942,9,8.617,0.091,8.668,0.058,8.661,0.05
1942,10,8.636,0.089,8.667,0.058,8.663,0.05
1942,11,8.649,0.087,8.664,0.058,8.664,0.05
1942,12,8.615,0.085,8.659,0.058,8.666,0.05
1943,1,8.635,0.083,8.653,0.057,8.67,0.05
1943,2,8.635,0.082,8.66,0.057,8.668,0.049
1943,3,8.631,0.083,8.659,0.057,8.662,0.049
1943,4,8.654,0.082,8.661,0.057,8.659,0.049
1943,5,8.642,0.082,8.661,0.057,8.659,0.048
1943,6,8.669,0.082,8.644,0.057,8.662,0.048
1943,7,8.764,0.083,8.649,0.056,8.662,0.048
1943,8,8.767,0.085,8.646,0.056,8.661,0.048
1943,9,8.8,0.087,8.646,0.057,8.659,0.048
1943,10,8.781,0.089,8.651,0.056,8.657,0.048
1943,11,8.768,0.09,8.649,0.056,8.654,0.047
1943,12,8.795,0.091,8.644,0.055,8.654,0.047
1944,1,8.796,0.094,8.639,0.055,8.657,0.047
1944,2,8.817,0.096,8.636,0.054,8.652,0.046
1944,3,8.847,0.095,8.64,0.054,8.653,0.046
1944,4,8.837,0.095,8.633,0.055,8.653,0.046
1944,5,8.824,0.094,8.638,0.055,8.651,0.046
1944,6,8.759,0.092,8.63,0.054,8.648,0.045
1944,7,8.676,0.093,8.622,0.055,8.647,0.045
1944,8,8.6,0.092,8.629,0.055,8.646,0.045
1944,9,8.572,0.091,8.637,0.055,8.645,0.045
1944,10,8.592,0.09,8.641,0.055,8.648,0.045
1944,11,8.572,0.089,8.641,0.055,8.648,0.044
1944,12,8.56,0.088,8.639,0.054,8.635,0.044
1945,1,8.539,0.086,8.642,0.053,8.633,0.044
1945,2,8.56,0.085,8.643,0.053,8.627,0.044
1945,3,8.54,0.084,8.643,0.053,8.626,0.044
1945,4,8.522,0.085,8.649,0.053,8.621,0.044
1945,5,8.52,0.085,8.65,0.052,8.621,0.044
1945,6,8.495,0.086,8.646,0.052,8.619,0.044
1945,7,8.533,0.084,8.662,0.052,8.615,0.043
1945,8,8.601,0.084,8.657,0.052,8.612,0.043
1945,9,8.603,0.085,8.653,0.052,8.609,0.043
1945,10,8.616,0.086,8.65,0.051,8.607,0.043
1945,11,8.639,0.084,8.651,0.051,8.601,0.043
1945,12,8.636,0.084,8.659,0.051,8.597,0.043
1946,1,8.652,0.085,8.659,0.051,8.592,0.043
1946,2,8.611,0.084,8.66,0.051,8.582,0.043
1946,3,8.599,0.085,8.661,0.051,8.581,0.042
1946,4,8.575,0.085,8.656,0.051,8.579,0.042
1946,5,8.59,0.086,8.655,0.051,8.579,0.042
1946,6,8.592,0.086,8.643,0.051,8.576,0.042
1946,7,8.561,0.085,8.638,0.05,8.573,0.042
1946,8,8.547,0.086,8.625,0.05,8.573,0.042
1946,9,8.593,0.085,8.617,0.049,8.577,0.042
1946,10,8.581,0.085,8.615,0.049,8.577,0.042
1946,11,8.579,0.085,8.615,0.049,8.58,0.042
1946,12,8.591,0.084,8.61,0.048,8.585,0.042
1947,1,8.587,0.083,8.606,0.048,8.585,0.042
1947,2,8.589,0.082,8.602,0.048,8.589,0.042
1947,3,8.598,0.082,8.594,0.047,8.587,0.042
1947,4,8.659,0.081,8.589,0.047,8.587,0.042
1947,5,8.674,0.081,8.59,0.048,8.587,0.042
1947,6,8.714,0.08,8.59,0.048,8.587,0.042
1947,7,8.776,0.08,8.582,0.047,8.59,0.042
1947,8,8.77,0.079,8.583,0.047,8.591,0.041
1947,9,8.698,0.078,8.584,0.047,8.593,0.041
1947,10,8.681,0.078,8.575,0.047,8.589,0.041
1947,11,8.697,0.078,8.578,0.047,8.581,0.041
1947,12,8.715,0.076,8.579,0.046,8.579,0.041
1948,1,8.721,0.076,8.578,0.046,8.584,0.041
1948,2,8.725,0.075,8.564,0.046,8.585,0.042
1948,3,8.722,0.076,8.56,0.046,8.59,0.042
1948,4,8.686,0.076,8.553,0.046,8.592,0.042
1948,5,8.668,0.076,8.542,0.046,8.592,0.042
1948,6,8.655,0.077,8.549,0.046,8.596,0.042
1948,7,8.645,0.077,8.535,0.046,8.595,0.042
1948,8,8.607,0.077,8.517,0.046,8.598,0.042
1948,9,8.618,0.077,8.515,0.045,8.599,0.042
1948,10,8.606,0.077,8.508,0.045,8.596,0.042
1948,11,8.587,0.077,8.509,0.045,8.594,0.042
1948,12,8.55,0.079,8.509,0.045,8.592,0.042
1949,1,8.531,0.079,8.507,0.046,8.58,0.042
1949,2,8.526,0.081,8.51,0.046,8.576,0.042
1949,3,8.509,0.08,8.515,0.046,8.573,0.042
1949,4,8.504,0.08,8.522,0.046,8.571,0.042
1949,5,8.5,0.081,8.522,0.045,8.568,0.042
1949,6,8.496,0.081,8.541,0.046,8.567,0.041
1949,7,8.395,0.08,8.548,0.046,8.566,0.041
1949,8,8.392,0.078,8.55,0.045,8.564,0.041
1949,9,8.408,0.077,8.536,0.045,8.562,0.041
1949,10,8.39,0.076,8.533,0.045,8.56,0.041
1949,11,8.388,0.075,8.533,0.045,8.564,0.041
1949,12,8.402,0.074,8.534,0.046,8.565,0.041
1950,1,8.398,0.072,8.538,0.046,8.573,0.041
1950,2,8.368,0.071,8.54,0.046,8.577,0.041
1950,3,8.371,0.07,8.542,0.046,8.572,0.041
1950,4,8.341,0.069,8.528,0.046,8.568,0.04
1950,5,8.28,0.069,8.512,0.046,8.569,0.04
1950,6,8.288,0.07,8.512,0.047,8.571,0.04
1950,7,8.3,0.069,8.506,0.047,8.571,0.04
1950,8,8.27,0.069,8.513,0.047,8.571,0.04
1950,9,8.258,0.069,8.526,0.048,8.569,0.04
1950,10,8.28,0.067,8.533,0.048,8.57,0.039
1950,11,8.295,0.066,8.533,0.048,8.57,0.04
1950,12,8.284,0.067,8.533,0.049,8.572,0.039
1951,1,8.297,0.07,8.532,0.049,8.568,0.039
1951,2,8.344,0.07,8.535,0.049,8.562,0.039
1951,3,8.374,0.074,8.537,0.049,8.56,0.039
1951,4,8.417,0.071,8.537,0.049,8.552,0.039
1951,5,8.487,0.07,8.533,0.049,8.547,0.038
1951,6,8.551,0.071,8.541,0.048,8.546,0.038
1951,7,8.626,0.072,8.522,0.049,8.544,0.038
1951,8,8.712,0.076,8.527,0.049,8.539,0.038
1951,9,8.701,0.078,8.528,0.049,8.537,0.037
1951,10,8.71,0.077,8.526,0.05,8.534,0.037
1951,11,8.7,0.077,8.521,0.05,8.53,0.036
1951,12,8.719,0.074,8.525,0.049,8.534,0.036
1952,1,8.742,0.074,8.525,0.049,8.533,0.036
1952,2,8.739,0.075,8.526,0.049,8.531,0.036
1952,3,8.734,0.073,8.529,0.049,8.525,0.036
1952,4,8.691,0.075,8.53,0.049,8.522,0.036
1952,5,8.625,0.079,8.538,0.049,8.521,0.035
1952,6,8.571,0.08,8.54,0.049,8.523,0.036
1952,7,8.564,0.081,8.564,0.049,8.52,0.036
1952,8,8.584,0.082,8.571,0.049,8.522,0.036
1952,9,8.648,0.083,8.56,0.049,8.522,0.035
1952,10,8.681,0.084,8.561,0.049,8.517,0.036
1952,11,8.695,0.084,8.559,0.048,8.517,0.035
1952,12,8.708,0.084,8.562,0.048,8.522,0.035
1953,1,8.693,0.086,8.564,0.048,8.524,0.035
1953,2,8.7,0.085,8.579,0.047,8.528,0.034
1953,3,8.696,0.087,8.578,0.047,8.533,0.034
1953,4,8.732,0.087,8.588,0.047,8.533,0.034
1953,5,8.773,0.086,8.598,0.048,8.533,0.034
1953,6,8.8,0.085,8.594,0.048,8.529,0.034
1953,7,8.724,0.084,8.6,0.047,8.529,0.034
1953,8,8.678,0.084,8.607,0.047,8.526,0.035
1953,9,8.628,0.083,8.604,0.046,8.524,0.034
1953,10,8.569,0.083,8.597,0.046,8.522,0.034
1953,11,8.528,0.081,8.584,0.045,8.523,0.033
1953,12,8.51,0.078,8.583,0.044,8.526,0.033
1954,1,8.497,0.076,8.582,0.043,8.524,0.033
1954,2,8.48,0.075,8.568,0.042,8.529,0.033
1954,3,8.471,0.076,8.559,0.041,8.536,0.032
1954,4,8.47,0.075,8.547,0.041,8.541,0.032
1954,5,8.526,0.072,8.539,0.041,8.541,0.032
1954,6,8.491,0.07,8.527,0.04,8.545,0.032
1954,7,8.605,0.068,8.517,0.04,8.547,0.032
1954,8,8.612,0.067,8.512,0.039,8.548,0.032
1954,9,8.568,0.064,8.513,0.039,8.548,0.031
1954,10,8.564,0.061,8.51,0.038,8.545,0.032
1954,11,8.579,0.059,8.508,0.038,8.542,0.031
1954,12,8.591,0.058,8.511,0.038,8.545,0.031
1955,1,8.593,0.057,8.503,0.038,8.551,0.031
1955,2,8.63,0.056,8.503,0.037,8.56,0.032
1955,3,8.617,0.057,8.502,0.037,8.552,0.032
1955,4,8.63,0.058,8.506,0.037,8.552,0.032
1955,5,8.578,0.06,8.522,0.035,8.549,0.032
1955,6,8.557,0.058,8.533,0.034,8.55,0.031
1955,7,8.481,0.055,8.543,0.033,8.55,0.031
1955,8,8.45,0.055,8.543,0.031,8.553,0.031
1955,9,8.477,0.053,8.539,0.03,8.555,0.031
1955,10,8.46,0.052,8.533,0.03,8.557,0.031
1955,11,8.419,0.048,8.533,0.03,8.561,0.031
1955,12,8.389,0.048,8.525,0.03,8.567,0.031
1956,1,8.383,0.048,8.526,0.03,8.574,0.031
1956,2,8.292,0.045,8.517,0.031,8.585,0.03
1956,3,8.278,0.044,8.511,0.031,8.589,0.03
1956,4,8.212,0.04,8.508,0.03,8.591,0.029
1956,5,8.193,0.041,8.514,0.029,8.593,0.029
1956,6,8.216,0.039,8.511,0.028,8.596,0.029
1956,7,8.213,0.036,8.527,0.027,8.597,0.028
1956,8,8.238,0.035,8.531,0.026,8.595,0.028
1956,9,8.247,0.039,8.544,0.026,8.595,0.027
1956,10,8.275,0.037,8.555,0.025,8.592,0.027
1956,11,8.318,0.033,8.561,0.025,8.592,0.026
1956,12,8.358,0.032,8.565,0.025,8.585,0.026
1957,1,8.35,0.037,8.568,0.025,8.584,0.025
1957,2,8.413,0.037,8.569,0.025,8.587,0.025
1957,3,8.448,0.039,8.567,0.025,8.592,0.025
1957,4,8.487,0.042,8.56,0.026,8.592,0.025
1957,5,8.538,0.044,8.546,0.025,8.591,0.024
1957,6,8.599,0.041,8.55,0.025,8.59,0.024
1957,7,8.691,0.038,8.538,0.024,8.588,0.023
1957,8,8.739,0.032,8.549,0.026,8.585,0.023
1957,9,8.775,0.035,8.544,0.026,8.583,0.023
1957,10,8.797,0.042,8.544,0.025,8.586,0.023
1957,11,8.822,0.054,8.539,0.026,8.592,0.022
1957,12,8.779,0.053,8.537,0.026,8.595,0.022
1958,1,8.805,0.046,8.536,0.026,8.594,0.021
1958,2,8.773,0.051,8.528,0.026,8.598,0.021
1958,3,8.743,0.044,8.531,0.026,8.593,0.021
1958,4,8.74,0.034,8.527,0.025,8.587,0.02
1958,5,8.732,0.031,8.524,0.025,8.583,0.02
1958,6,8.691,0.032,8.54,0.025,8.581,0.019
1958,7,8.643,0.031,8.548,0.025,8.582,0.019
1958,8,8.617,0.037,8.563,0.024,8.585,0.018
1958,9,8.654,0.035,8.574,0.023,8.588,0.018
1958,10,8.681,0.032,8.586,0.022,8.591,0.018
1958,11,8.668,0.036,8.601,0.024,8.595,0.017
1958,12,8.705,0.032,8.609,0.024,8.593,0.017
1959,1,8.711,0.029,8.611,0.023,8.6,0.016
1959,2,8.738,0.032,8.623,0.023,8.6,0.016
1959,3,8.748,0.033,8.63,0.022,8.597,0.016
1959,4,8.732,0.036,8.637,0.022,8.595,0.015
1959,5,8.689,0.036,8.644,0.022,8.594,0.015
1959,6,8.685,0.034,8.643,0.021,8.595,0.015
1959,7,8.663,0.034,8.652,0.021,8.596,0.015
1959,8,8.701,0.041,8.661,0.02,8.594,0.014
1959,9,8.568,0.048,8.67,0.02,8.59,0.014
1959,10,8.506,0.053,8.675,0.021,8.584,0.013
1959,11,8.465,0.056,8.674,0.021,8.578,0.013
1959,12,8.452,0.058,8.67,0.019,8.577,0.013
1960,1,8.429,0.049,8.672,0.02,8.572,0.013
1960,2,8.425,0.051,8.668,0.019,8.571,0.013
1960,3,8.438,0.053,8.664,0.022,8.576,0.013
1960,4,8.463,0.054,8.665,0.022,8.575,0.012
1960,5,8.469,0.059,8.663,0.023,8.575,0.012
1960,6,8.51,0.06,8.656,0.023,8.573,0.011
1960,7,8.528,0.056,8.646,0.023,8.572,0.012
1960,8,8.519,0.053,8.652,0.024,8.568,0.011
1960,9,8.625,0.047,8.646,0.023,8.566,0.011
1960,10,8.67,0.047,8.641,0.022,8.564,0.011
1960,11,8.732,0.049,8.633,0.022,8.563,0.01
1960,12,8.752,0.037,8.637,0.021,8.567,0.01
1961,1,8.762,0.036,8.639,0.021,8.567,0.01
1961,2,8.765,0.028,8.652,0.02,8.571,0.01
1961,3,8.776,0.026,8.664,0.02,8.577,0.01
1961,4,8.762,0.023,8.673,0.019,8.579,0.01
1961,5,8.793,0.021,8.677,0.019,8.583,0.01
1961,6,8.728,0.025,8.676,0.019,8.586,0.01
1961,7,8.732,0.028,8.673,0.018,8.59,0.009
1961,8,8.73,0.029,8.668,0.017,8.595,0.01
1961,9,8.729,0.025,8.651,0.018,8.598,0.01
1961,10,8.721,0.023,8.635,0.018,8.599,0.01
1961,11,8.68,0.036,8.627,0.017,8.601,0.011
1961,12,8.66,0.027,8.626,0.016,8.599,0.011
1962,1,8.652,0.022,8.623,0.015,8.602,0.011
1962,2,8.638,0.023,8.619,0.013,8.6,0.01
1962,3,8.618,0.027,8.613,0.014,8.604,0.01
1962,4,8.628,0.037,8.607,0.013,8.606,0.01
1962,5,8.633,0.043,8.61,0.013,8.609,0.01
1962,6,8.668,0.042,8.604,0.012,8.605,0.009
1962,7,8.66,0.044,8.606,0.012,8.608,0.01
1962,8,8.691,0.047,8.593,0.011,8.606,0.01
1962,9,8.656,0.041,8.608,0.011,8.605,0.011
1962,10,8.626,0.035,8.607,0.01,8.609,0.011
1962,11,8.62,0.04,8.612,0.011,8.607,0.012
1962,12,8.616,0.037,8.61,0.01,8.604,0.012
1963,1,8.641,0.037,8.608,0.01,8.594,0.012
1963,2,8.693,0.036,8.608,0.01,8.59,0.012
1963,3,8.741,0.04,8.601,0.011,8.596,0.011
1963,4,8.781,0.037,8.602,0.012,8.595,0.012
1963,5,8.803,0.035,8.602,0.014,8.591,0.012
1963,6,8.789,0.03,8.594,0.014,8.592,0.013
1963,7,8.781,0.026,8.586,0.014,8.588,0.013
1963,8,8.699,0.023,8.579,0.015,8.588,0.013
1963,9,8.676,0.018,8.58,0.014,8.586,0.015
1963,10,8.651,0.008,8.572,0.015,8.587,0.015
1963,11,8.64,0.011,8.565,0.017,8.583,0.014
1963,12,8.648,0.009,8.563,0.014,8.578,0.014
1964,1,8.632,0.012,8.568,0.012,8.57,0.014
1964,2,8.576,0.018,8.566,0.011,8.562,0.014
1964,3,8.494,0.015,8.565,0.011,8.556,0.014
1964,4,8.4,0.017,8.562,0.011,8.554,0.014
1964,5,8.353,0.02,8.558,0.011,8.554,0.014
1964,6,8.326,0.017,8.556,0.011,8.553,0.014
1964,7,8.329,0.011,8.552,0.011,8.551,0.013
1964,8,8.328,0.011,8.54,0.01,8.551,0.013
1964,9,8.356,0.014,8.538,0.009,8.551,0.014
1964,10,8.365,0.018,8.536,0.011,8.554,0.014
1964,11,8.389,0.015,8.545,0.01,8.559,0.014
1964,12,8.374,0.019,8.541,0.009,8.563,0.013
1965,1,8.354,0.019,8.544,0.009,8.564,0.013
1965,2,8.367,0.017,8.544,0.009,8.564,0.013
1965,3,8.378,0.013,8.546,0.009,8.572,0.012
1965,4,8.437,0.018,8.552,0.01,8.576,0.011
1965,5,8.429,0.021,8.551,0.011,8.579,0.011
1965,6,8.458,0.018,8.551,0.01,8.58,0.01
1965,7,8.428,0.019,8.542,0.009,8.582,0.01
1965,8,8.45,0.023,8.528,0.009,8.581,0.009
1965,9,8.481,0.022,8.545,0.009,8.583,0.009
1965,10,8.497,0.02,8.55,0.01,8.582,0.009
1965,11,8.498,0.019,8.549,0.01,8.584,0.01
1965,12,8.517,0.018,8.547,0.011,8.578,0.01
1966,1,8.562,0.02,8.538,0.012,8.578,0.009
1966,2,8.558,0.021,8.524,0.013,8.571,0.009
1966,3,8.595,0.02,8.508,0.014,8.567,0.009
1966,4,8.562,0.025,8.5,0.015,8.564,0.009
1966,5,8.572,0.023,8.489,0.014,8.561,0.009
1966,6,8.54,0.019,8.481,0.014,8.556,0.008
1966,7,8.56,0.019,8.467,0.014,8.555,0.008
1966,8,8.53,0.021,8.456,0.014,8.556,0.008
1966,9,8.521,0.013,8.461,0.014,8.555,0.009
1966,10,8.542,0.018,8.473,0.014,8.556,0.008
1966,11,8.578,0.021,8.481,0.015,8.556,0.009
1966,12,8.55,0.021,8.48,0.015,8.56,0.008
1967,1,8.531,0.029,8.479,0.014,8.55,0.008
1967,2,8.529,0.031,8.482,0.016,8.541,0.008
1967,3,8.523,0.034,8.489,0.017,8.539,0.007
1967,4,8.581,0.034,8.501,0.017,8.537,0.007
1967,5,8.597,0.033,8.509,0.017,8.538,0.008
1967,6,8.642,0.033,8.522,0.017,8.538,0.007
1967,7,8.61,0.031,8.521,0.016,8.539,0.007
1967,8,8.635,0.03,8.534,0.017,8.543,0.007
1967,9,8.692,0.037,8.536,0.014,8.543,0.007
1967,10,8.695,0.033,8.546,0.013,8.542,0.008
1967,11,8.641,0.033,8.547,0.014,8.538,0.008
1967,12,8.645,0.04,8.55,0.013,8.537,0.008
1968,1,8.61,0.031,8.556,0.013,8.538,0.007
1968,2,8.59,0.033,8.554,0.012,8.537,0.007
1968,3,8.548,0.039,8.564,0.013,8.544,0.007
1968,4,8.519,0.042,8.562,0.014,8.55,0.007
1968,5,8.495,0.04,8.566,0.014,8.557,0.007
1968,6,8.439,0.04,8.561,0.013,8.561,0.007
1968,7,8.407,0.04,8.57,0.012,8.56,0.007
1968,8,8.34,0.04,8.563,0.012,8.557,0.007
1968,9,8.255,0.038,8.554,0.012,8.554,0.007
1968,10,8.265,0.039,8.557,0.013,8.551,0.007
1968,11,8.296,0.034,8.557,0.013,8.549,0.007
1968,12,8.316,0.036,8.55,0.013,8.55,0.007
1969,1,8.338,0.037,8.543,0.013,8.546,0.007
1969,2,8.367,0.034,8.545,0.011,8.542,0.007
1969,3,8.404,0.026,8.545,0.01,8.545,0.007
1969,4,8.406,0.023,8.55,0.01,8.55,0.007
1969,5,8.45,0.024,8.555,0.01,8.552,0.007
1969,6,8.53,0.024,8.563,0.01,8.552,0.008
1969,7,8.603,0.02,8.549,0.009,8.552,0.007
1969,8,8.715,0.022,8.543,0.01,8.555,0.008
1969,9,8.731,0.017,8.54,0.01,8.557,0.008
1969,10,8.733,0.016,8.539,0.009,8.56,0.009
1969,11,8.72,0.021,8.531,0.009,8.559,0.009
1969,12,8.724,0.022,8.536,0.009,8.561,0.01
1970,1,8.741,0.022,8.534,0.009,8.563,0.01
1970,2,8.729,0.021,8.542,0.009,8.566,0.01
1970,3,8.751,0.025,8.539,0.008,8.571,0.01
1970,4,8.744,0.029,8.532,0.009,8.576,0.009
1970,5,8.714,0.027,8.525,0.009,8.581,0.01
1970,6,8.656,0.026,8.523,0.009,8.583,0.01
1970,7,8.668,0.027,8.535,0.009,8.586,0.011
1970,8,8.594,0.036,8.546,0.009,8.583,0.011
1970,9,8.571,0.029,8.542,0.009,8.587,0.012
1970,10,8.548,0.027,8.551,0.009,8.586,0.012
1970,11,8.548,0.033,8.564,0.01,8.587,0.012
1970,12,8.515,0.032,8.574,0.011,8.586,0.012
1971,1,8.494,0.031,8.583,0.012,8.59,0.012
1971,2,8.511,0.027,8.59,0.011,8.588,0.012
1971,3,8.498,0.033,8.6,0.012,8.58,0.011
1971,4,8.498,0.03,8.603,0.013,8.581,0.011
1971,5,8.519,0.03,8.609,0.013,8.579,0.011
1971,6,8.549,0.031,8.62,0.013,8.575,0.011
1971,7,8.458,0.03,8.625,0.015,8.572,0.01
1971,8,8.433,0.027,8.628,0.015,8.57,0.01
1971,9,8.45,0.025,8.63,0.015,8.569,0.009
1971,10,8.452,0.024,8.626,0.015,8.564,0.009
1971,11,8.448,0.025,8.624,0.015,8.562,0.009
1971,12,8.48,0.016,8.623,0.017,8.565,0.009
1972,1,8.487,0.016,8.625,0.016,8.563,0.009
1972,2,8.513,0.015,8.628,0.017,8.568,0.009
1972,3,8.495,0.014,8.624,0.017,8.571,0.009
1972,4,8.491,0.018,8.619,0.019,8.575,0.009
1972,5,8.449,0.017,8.61,0.019,8.576,0.009
1972,6,8.443,0.018,8.599,0.02,8.582,0.008
1972,7,8.541,0.013,8.604,0.02,8.585,0.008
1972,8,8.649,0.015,8.598,0.02,8.588,0.008
1972,9,8.703,0.015,8.605,0.018,8.587,0.008
1972,10,8.756,0.022,8.606,0.018,8.582,0.008
1972,11,8.807,0.021,8.615,0.018,8.586,0.008
1972,12,8.837,0.026,8.616,0.017,8.585,0.009
1973,1,8.855,0.024,8.615,0.018,8.588,0.009
1973,2,8.832,0.019,8.612,0.019,8.591,0.009
1973,3,8.852,0.018,8.61,0.02,8.587,0.01
1973,4,8.876,0.019,8.61,0.02,8.59,0.009
1973,5,8.914,0.022,8.608,0.02,8.593,0.01
1973,6,8.921,0.022,8.611,0.02,8.593,0.01
1973,7,8.858,0.025,8.61,0.019,8.597,0.011
1973,8,8.75,0.024,8.614,0.018,8.596,0.011
1973,9,8.694,0.027,8.606,0.018,8.6,0.012
1973,10,8.643,0.036,8.605,0.017,8.6,0.012
1973,11,8.594,0.039,8.601,0.016,8.604,0.012
1973,12,8.558,0.042,8.601,0.016,8.609,0.012
1974,1,8.546,0.033,8.602,0.014,8.615,0.013
1974,2,8.557,0.032,8.596,0.013,8.619,0.013
1974,3,8.525,0.039,8.592,0.013,8.622,0.013
1974,4,8.484,0.046,8.579,0.014,8.621,0.013
1974,5,8.454,0.043,8.569,0.014,8.62,0.014
1974,6,8.429,0.054,8.566,0.014,8.619,0.014
1974,7,8.493,0.062,8.577,0.013,8.619,0.013
1974,8,8.564,0.065,8.593,0.013,8.619,0.013
1974,9,8.609,0.051,8.602,0.013,8.621,0.013
1974,10,8.63,0.04,8.611,0.013,8.622,0.013
1974,11,8.677,0.035,8.621,0.013,8.622,0.013
1974,12,8.69,0.035,8.629,0.013,8.625,0.013
1975,1,8.694,0.045,8.636,0.013,8.626,0.013
1975,2,8.649,0.041,8.635,0.014,8.626,0.013
1975,3,8.681,0.042,8.635,0.012,8.627,0.014
1975,4,8.699,0.036,8.633,0.013,8.63,0.015
1975,5,8.702,0.032,8.646,0.013,8.634,0.016
1975,6,8.714,0.03,8.646,0.014,8.635,0.016
1975,7,8.701,0.029,8.642,0.014,8.638,0.016
1975,8,8.671,0.032,8.635,0.014,8.643,0.017
1975,9,8.571,0.025,8.632,0.014,8.643,0.018
1975,10,8.545,0.023,8.629,0.013,8.645,0.018
1975,11,8.478,0.026,8.623,0.013,8.651,0.018
1975,12,8.439,0.02,8.613,0.012,8.655,0.017
1976,1,8.426,0.031,8.611,0.014,8.663,0.017
1976,2,8.429,0.055,8.602,0.014,8.673,0.017
1976,3,8.41,0.054,8.6,0.015,8.683,0.018
1976,4,8.343,0.045,8.596,0.014,8.688,0.018
1976,5,8.324,0.041,8.599,0.015,8.691,0.018
1976,6,8.326,0.042,8.598,0.015,8.696,0.017
1976,7,8.295,0.041,8.605,0.016,8.701,0.018
1976,8,8.332,0.041,8.61,0.015,8.707,0.018
1976,9,8.433,0.039,8.614,0.016,8.708,0.018
1976,10,8.48,0.031,8.616,0.017,8.708,0.018
1976,11,8.551,0.046,8.616,0.019,8.708,0.018
1976,12,8.619,0.044,8.616,0.019,8.714,0.018
1977,1,8.658,0.029,8.613,0.019,8.72,0.018
1977,2,8.708,0.017,8.61,0.019,8.726,0.019
1977,3,8.706,0.018,8.618,0.02,8.724,0.019
1977,4,8.761,0.023,8.626,0.021,8.725,0.019
1977,5,8.834,0.027,8.633,0.02,8.727,0.019
1977,6,8.842,0.033,8.651,0.022,8.725,0.02
1977,7,8.861,0.039,8.649,0.023,8.728,0.02
1977,8,8.86,0.037,8.654,0.024,8.725,0.02
1977,9,8.851,0.037,8.648,0.025,8.726,0.019
1977,10,8.847,0.035,8.653,0.026,8.726,0.02
1977,11,8.814,0.027,8.654,0.027,8.728,0.02
1977,12,8.757,0.022,8.654,0.029,8.733,0.021
1978,1,8.734,0.036,8.661,0.03,8.737,0.021
1978,2,8.665,0.036,8.673,0.034,8.737,0.02
1978,3,8.68,0.038,8.676,0.035,8.735,0.02
1978,4,8.693,0.036,8.68,0.034,8.733,0.019
1978,5,8.678,0.04,8.694,0.034,8.733,0.02
1978,6,8.678,0.042,8.7,0.034,8.73,0.02
1978,7,8.673,0.043,8.715,0.035,8.73,0.02
1978,8,8.621,0.039,8.732,0.034,8.734,0.02
1978,9,8.606,0.037,8.76,0.034,8.739,0.021
1978,10,8.578,0.037,8.77,0.033,8.738,0.021
1978,11,8.558,0.041,8.78,0.034,8.742,0.021
1978,12,8.576,0.039,8.792,0.033,8.743,0.022
1979,1,8.552,0.028,8.801,0.031,8.748,0.021
1979,2,8.597,0.026,8.818,0.029,8.753,0.021
1979,3,8.614,0.024,8.823,0.031,8.757,0.022
1979,4,8.633,0.025,8.837,0.032,8.758,0.023
1979,5,8.627,0.023,8.847,0.032,8.765,0.024
1979,6,8.694,0.022,8.861,0.032,8.765,0.024
1979,7,8.717,0.019,8.862,0.034,8.766,0.023
1979,8,8.786,0.019,8.859,0.033,8.765,0.024
1979,9,8.779,0.019,8.846,0.034,8.768,0.025
1979,10,8.816,0.028,8.839,0.034,8.77,0.025
1979,11,8.869,0.028,8.832,0.033,8.77,0.025
1979,12,8.881,0.044,8.822,0.033,8.767,0.025
1980,1,8.937,0.054,8.821,0.035,8.767,0.025
1980,2,8.966,0.071,8.815,0.036,8.761,0.026
1980,3,8.973,0.078,8.818,0.036,8.759,0.025
1980,4,8.97,0.088,8.819,0.036,8.759,0.025
1980,5,9.004,0.09,8.81,0.036,8.757,0.025
1980,6,8.958,0.09,8.82,0.035,8.757,0.025
1980,7,9.03,0.087,8.832,0.035,8.754,0.026
1980,8,9.06,0.083,8.838,0.034,8.759,0.026
1980,9,9.131,0.078,8.839,0.034,8.757,0.026
1980,10,9.131,0.069,8.838,0.035,8.758,0.026
1980,11,9.109,0.062,8.844,0.035,8.759,0.025
1980,12,9.125,0.055,8.848,0.036,8.76,0.024
1981,1,9.124,0.049,8.849,0.034,8.764,0.025
1981,2,9.153,0.037,8.866,0.033,8.772,0.025
1981,3,9.143,0.04,8.877,0.034,8.783,0.024
1981,4,9.129,0.039,8.879,0.035,8.788,0.024
1981,5,9.092,0.037,8.886,0.034,8.793,0.024
1981,6,9.135,0.036,8.888,0.033,8.796,0.024
1981,7,9.031,0.039,8.892,0.033,8.797,0.022
1981,8,8.97,0.044,8.897,0.033,8.801,0.021
1981,9,8.861,0.043,8.9,0.033,8.801,0.022
1981,10,8.825,0.041,8.9,0.035,8.808,0.021
1981,11,8.811,0.045,8.914,0.035,8.811,0.021
1981,12,8.771,0.052,8.913,0.037,8.812,0.02
1982,1,8.757,0.054,8.919,0.037,8.817,0.02
1982,2,8.695,0.058,8.921,0.037,8.823,0.02
1982,3,8.682,0.05,8.917,0.038,8.819,0.02
1982,4,8.671,0.051,8.914,0.039,8.817,0.02
1982,5,8.649,0.047,8.906,0.039,8.815,0.02
1982,6,8.635,0.043,8.883,0.039,8.815,0.02
1982,7,8.708,0.038,8.885,0.038,8.817,0.021
1982,8,8.753,0.032,8.868,0.037,8.816,0.02
1982,9,8.819,0.03,8.87,0.034,8.821,0.02
1982,10,8.839,0.029,8.865,0.033,8.825,0.02
1982,11,8.87,0.028,8.859,0.032,8.821,0.02
1982,12,8.887,0.029,8.86,0.03,8.827,0.019
1983,1,8.875,0.026,8.847,0.027,8.833,0.019
1983,2,8.917,0.022,8.845,0.024,8.833,0.019
1983,3,8.973,0.028,8.839,0.025,8.836,0.019
1983,4,8.994,0.034,8.836,0.024,8.838,0.019
1983,5,9.059,0.033,8.824,0.024,8.842,0.02
1983,6,9.018,0.038,8.821,0.022,8.849,0.02
1983,7,8.975,0.039,8.813,0.023,8.852,0.019
1983,8,8.913,0.04,8.812,0.023,8.863,0.019
1983,9,8.913,0.038,8.806,0.022,8.869,0.018
1983,10,8.889,0.043,8.805,0.022,8.874,0.018
1983,11,8.911,0.039,8.807,0.023,8.874,0.018
1983,12,8.901,0.037,8.801,0.022,8.879,0.017
1984,1,8.902,0.033,8.794,0.021,8.879,0.017
1984,2,8.872,0.032,8.785,0.021,8.886,0.017
1984,3,8.815,0.025,8.779,0.019,8.889,0.017
1984,4,8.806,0.023,8.779,0.02,8.891,0.017
1984,5,8.728,0.021,8.774,0.018,8.892,0.017
1984,6,8.671,0.017,8.762,0.018,8.893,0.018
1984,7,8.678,0.019,8.772,0.016,8.897,0.019
1984,8,8.644,0.019,8.786,0.015,8.9,0.021
1984,9,8.625,0.017,8.793,0.015,8.901,0.022
1984,10,8.642,0.02,8.795,0.015,8.903,0.022
1984,11,8.595,0.019,8.798,0.015,8.903,0.023
1984,12,8.615,0.03,8.809,0.014,8.902,0.023
1985,1,8.577,0.028,8.814,0.014,8.904,0.023
1985,2,8.587,0.034,8.816,0.013,8.905,0.023
1985,3,8.58,0.034,8.823,0.013,8.916,0.022
1985,4,8.578,0.034,8.83,0.012,8.918,0.02
1985,5,8.592,0.037,8.831,0.013,8.919,0.019
1985,6,8.647,0.035,8.834,0.013,8.922,0.019
1985,7,8.671,0.032,8.835,0.013,8.922,0.018
1985,8,8.781,0.033,8.828,0.013,8.921,0.016
1985,9,8.812,0.033,8.832,0.013,8.921,0.016
1985,10,8.832,0.03,8.837,0.012,8.923,0.016
1985,11,8.846,0.036,8.84,0.011,8.925,0.016
1985,12,8.831,0.026,8.85,0.01,8.929,0.016
1986,1,8.859,0.022,8.856,0.009,8.924,0.017
1986,2,8.853,0.014,8.86,0.009,8.924,0.017
1986,3,8.846,0.011,8.86,0.008,8.919,0.016
1986,4,8.845,0.012,8.869,0.008,8.922,0.017
1986,5,8.842,0.015,8.861,0.008,8.923,0.017
1986,6,8.84,0.013,8.87,0.007,8.928,0.017
1986,7,8.826,0.016,8.866,0.007,8.93,0.017
1986,8,8.839,0.018,8.875,0.007,8.928,0.017
1986,9,8.796,0.017,8.877,0.007,8.932,0.016
1986,10,8.773,0.019,8.882,0.008,8.935,0.016
1986,11,8.767,0.022,8.87,0.008,8.937,0.016
1986,12,8.81,0.018,8.872,0.009,8.933,0.016
1987,1,8.858,0.02,8.876,0.007,8.942,0.015
1987,2,8.852,0.015,8.879,0.008,8.947,0.015
1987,3,8.904,0.017,8.886,0.009,8.955,0.015
1987,4,8.928,0.02,8.892,0.008,8.956,0.016
1987,5,8.936,0.017,8.899,0.009,8.958,0.015
1987,6,8.995,0.017,8.92,0.009,8.961,0.015
1987,7,9.022,0.017,8.924,0.01,8.957,0.014
1987,8,8.962,0.014,8.941,0.011,8.957,0.014
1987,9,9.016,0.017,8.963,0.011,8.954,0.014
1987,10,9.051,0.018,8.972,0.011,8.955,0.016
1987,11,9.079,0.02,8.979,0.01,8.954,0.016
1987,12,9.093,0.021,8.984,0.011,8.952,0.014
1988,1,9.084,0.023,8.997,0.01,8.95,0.015
1988,2,9.136,0.02,8.998,0.011,8.95,0.015
1988,3,9.157,0.019,9.003,0.009,8.952,0.015
1988,4,9.187,0.021,9.011,0.01,8.952,0.015
1988,5,9.207,0.023,9.026,0.012,8.95,0.014
1988,6,9.197,0.025,9.036,0.014,8.95,0.013
1988,7,9.133,0.025,9.035,0.014,8.952,0.013
1988,8,9.149,0.025,9.036,0.015,8.948,0.013
1988,9,9.138,0.026,9.033,0.014,8.942,0.012
1988,10,9.113,0.022,9.039,0.015,8.943,0.012
1988,11,9.064,0.023,9.04,0.016,8.934,0.012
1988,12,9.012,0.024,9.054,0.016,8.936,0.012
1989,1,9,0.016,9.066,0.017,8.937,0.012
1989,2,8.968,0.03,9.071,0.017,8.935,0.013
1989,3,8.942,0.039,9.085,0.016,8.935,0.013
1989,4,8.924,0.041,9.092,0.017,8.94,0.013
1989,5,8.915,0.042,9.1,0.018,8.938,0.013
1989,6,8.923,0.05,9.105,0.018,8.944,0.013
1989,7,8.968,0.057,9.112,0.02,8.947,0.013
1989,8,8.973,0.06,9.108,0.02,8.947,0.013
1989,9,9.051,0.057,9.118,0.02,8.951,0.012
1989,10,9.09,0.058,9.118,0.021,8.956,0.012
1989,11,9.138,0.056,9.118,0.02,8.964,0.012
1989,12,9.173,0.065,9.113,0.02,8.972,0.012
1990,1,9.186,0.051,9.1,0.019,8.977,0.012
1990,2,9.182,0.027,9.098,0.021,8.993,0.013
1990,3,9.165,0.019,9.084,0.022,8.998,0.013
1990,4,9.173,0.027,9.08,0.025,9.001,0.012
1990,5,9.23,0.029,9.076,0.025,9.002,0.012
1990,6,9.226,0.028,9.069,0.023,9.007,0.011
1990,7,9.226,0.026,9.066,0.024,9.016,0.011
1990,8,9.259,0.024,9.072,0.025,9.021,0.011
1990,9,9.162,0.025,9.072,0.024,9.026,0.011
1990,10,9.17,0.028,9.066,0.024,9.033,0.011
1990,11,9.151,0.037,9.06,0.024,9.039,0.011
1990,12,9.184,0.028,9.051,0.024,9.041,0.011
1991,1,9.202,0.034,9.048,0.024,9.038,0.011
1991,2,9.219,0.036,9.036,0.024,9.038,0.011
1991,3,9.257,0.037,9.023,0.024,9.036,0.011
1991,4,9.25,0.033,9.017,0.026,9.034,0.011
1991,5,9.211,0.029,9.007,0.026,9.034,0.01
1991,6,9.184,0.026,9.002,0.026,9.036,0.01
1991,7,9.212,0.027,9.007,0.027,9.041,0.01
1991,8,9.195,0.029,8.994,0.027,9.046,0.01
1991,9,9.223,0.023,8.993,0.027,9.05,0.01
1991,10,9.165,0.031,8.998,0.027,9.051,0.011
1991,11,9.159,0.027,9.005,0.027,9.056,0.011
1991,12,9.101,0.032,9.017,0.026,9.06,0.011
1992,1,9.03,0.027,9.018,0.025,9.06,0.012
1992,2,8.984,0.028,9.015,0.02,9.057,0.012
1992,3,8.899,0.034,9.016,0.019,9.063,0.012
1992,4,8.865,0.045,9.02,0.019,9.065,0.012
1992,5,8.818,0.045,9.03,0.019,9.065,0.012
1992,6,8.816,0.034,9.024,0.019,9.067,0.012
1992,7,8.79,0.039,9.03,0.018,9.064,0.011
1992,8,8.783,0.038,9.046,0.018,9.066,0.012
1992,9,8.783,0.042,9.033,0.018,9.068,0.012
1992,10,8.793,0.035,9.03,0.018,9.072,0.012
1992,11,8.788,0.035,9.026,0.018,9.079,0.012
1992,12,8.784,0.032,9.03,0.017,9.078,0.012
1993,1,8.82,0.031,9.035,0.017,9.077,0.012
1993,2,8.825,0.028,9.044,0.018,9.089,0.012
1993,3,8.851,0.03,9.05,0.018,9.09,0.011
1993,4,8.873,0.037,9.054,0.018,9.092,0.011
1993,5,8.862,0.035,9.052,0.017,9.096,0.012
1993,6,8.861,0.033,9.047,0.017,9.1,0.012
1993,7,8.841,0.031,9.041,0.017,9.104,0.012
1993,8,8.76,0.03,9.039,0.016,9.107,0.012
1993,9,8.746,0.028,9.039,0.016,9.107,0.012
1993,10,8.774,0.028,9.029,0.016,9.106,0.012
1993,11,8.791,0.026,9.028,0.016,9.107,0.012
1993,12,8.842,0.024,9.018,0.017,9.11,0.012
1994,1,8.852,0.025,9.015,0.017,9.117,0.012
1994,2,8.863,0.023,9.02,0.017,9.126,0.012
1994,3,8.91,0.023,9.014,0.016,9.124,0.012
1994,4,8.941,0.023,9.01,0.017,9.124,0.011
1994,5,9.03,0.024,9.011,0.017,9.128,0.011
1994,6,9.035,0.026,9.015,0.017,9.132,0.011
1994,7,9.079,0.024,9.008,0.017,9.134,0.011
1994,8,9.232,0.027,9.006,0.018,9.136,0.01
1994,9,9.25,0.03,9.007,0.018,9.138,0.01
1994,10,9.248,0.028,9.012,0.018,9.14,0.01
1994,11,9.239,0.023,9.012,0.018,9.143,0.01
1994,12,9.239,0.025,9.021,0.018,9.144,0.01
1995,1,9.274,0.024,9.028,0.018,9.142,0.01
1995,2,9.329,0.025,9.035,0.017,9.146,0.011
1995,3,9.333,0.025,9.052,0.017,9.141,0.011
1995,4,9.341,0.024,9.065,0.019,9.145,0.011
1995,5,9.337,0.027,9.081,0.019,9.145,0.011
1995,6,9.339,0.028,9.087,0.019,9.146,0.012
1995,7,9.283,0.03,9.089,0.019,9.147,0.012
1995,8,9.226,0.032,9.106,0.019,9.15,0.012
1995,9,9.192,0.031,9.108,0.018,9.153,0.012
1995,10,9.166,0.032,9.119,0.019,9.15,0.012
1995,11,9.165,0.032,9.132,0.019,9.145,0.013
1995,12,9.124,0.028,9.148,0.019,9.14,0.013
1996,1,9.102,0.027,9.161,0.019,9.141,0.013
1996,2,9.099,0.026,9.178,0.018,9.138,0.013
1996,3,9.078,0.023,9.19,0.018,9.143,0.014
1996,4,9.029,0.022,9.196,0.018,9.143,0.014
1996,5,9.01,0.02,9.207,0.018,9.149,0.015
1996,6,9.026,0.018,9.218,0.018,9.147,0.015
1996,7,9.049,0.016,9.227,0.018,9.148,0.015
1996,8,9.031,0.018,9.258,0.019,9.149,0.016
1996,9,9.063,0.018,9.254,0.019,9.149,0.016
1996,10,9.079,0.019,9.25,0.019,9.15,0.016
1996,11,9.079,0.02,9.25,0.019,9.158,0.016
1996,12,9.117,0.02,9.248,0.019,9.161,0.016
1997,1,9.09,0.018,9.25,0.019,9.165,0.016
1997,2,9.06,0.02,9.257,0.019,9.172,0.017
1997,3,9.088,0.02,9.26,0.019,9.179,0.017
1997,4,9.139,0.02,9.26,0.019,9.184,0.018
1997,5,9.166,0.022,9.256,0.019,9.19,0.017
1997,6,9.175,0.024,9.264,0.02,9.194,0.018
1997,7,9.194,0.023,9.254,0.02,9.204,0.018
1997,8,9.282,0.024,9.246,0.021,9.211,0.018
1997,9,9.287,0.022,9.25,0.021,9.222,0.018
1997,10,9.327,0.033,9.259,0.022,9.227,0.02
1997,11,9.385,0.031,9.264,0.022,9.236,0.02
1997,12,9.419,0.029,9.262,0.02,9.236,0.019
1998,1,9.487,0.03,9.258,0.02,9.242,0.02
1998,2,9.542,0.032,9.256,0.02,9.245,0.02
1998,3,9.542,0.032,9.256,0.02,9.246,0.02
1998,4,9.528,0.033,9.245,0.021,9.25,0.02
1998,5,9.492,0.03,9.237,0.021,9.255,0.02
1998,6,9.515,0.029,9.233,0.022,9.259,0.02
1998,7,9.532,0.029,9.241,0.022,9.263,0.019
1998,8,9.518,0.029,9.237,0.022,9.269,0.02
1998,9,9.478,0.029,9.248,0.022,9.277,0.019
1998,10,9.432,0.024,9.257,0.022,9.284,0.02
1998,11,9.382,0.028,9.269,0.022,9.292,0.02
1998,12,9.341,0.03,9.276,0.023,9.301,0.02
1999,1,9.299,0.029,9.281,0.024,9.305,0.02
1999,2,9.254,0.028,9.278,0.023,9.319,0.021
1999,3,9.259,0.028,9.284,0.024,9.324,0.021
1999,4,9.261,0.028,9.291,0.024,9.326,0.021
1999,5,9.278,0.029,9.304,0.024,9.324,0.02
1999,6,9.266,0.029,9.307,0.024,9.322,0.02
1999,7,9.214,0.028,9.321,0.024,9.319,0.02
1999,8,9.173,0.028,9.337,0.024,9.321,0.02
1999,9,9.229,0.031,9.351,0.025,9.321,0.02
1999,10,9.293,0.032,9.356,0.026,9.323,0.02
1999,11,9.309,0.035,9.368,0.026,9.327,0.02
1999,12,9.31,0.031,9.367,0.026,9.328,0.02
2000,1,9.311,0.031,9.381,0.026,9.331,0.021
2000,2,9.326,0.034,9.386,0.026,9.325,0.021
2000,3,9.314,0.035,9.392,0.026,9.33,0.021
2000,4,9.27,0.032,9.39,0.026,9.335,0.021
2000,5,9.242,0.035,9.391,0.026,9.34,0.021
2000,6,9.184,0.033,9.385,0.026,9.343,0.02
2000,7,9.218,0.035,9.395,0.026,9.343,0.021
2000,8,9.18,0.031,9.383,0.026,9.342,0.021
2000,9,9.182,0.03,9.384,0.026,9.348,0.02
2000,10,9.156,0.03,9.381,0.025,9.353,0.02
2000,11,9.19,0.028,9.379,0.025,9.358,0.02
2000,12,9.192,0.032,9.37,0.024,9.365,0.02
2001,1,9.217,0.034,9.364,0.024,9.368,0.021
2001,2,9.207,0.03,9.36,0.025,9.372,0.021
2001,3,9.22,0.031,9.364,0.025,9.378,0.021
2001,4,9.255,0.032,9.372,0.024,9.381,0.021
2001,5,9.34,0.029,9.376,0.024,9.383,0.021
2001,6,9.394,0.027,9.383,0.024,9.389,0.021
2001,7,9.45,0.025,9.383,0.025,9.391,0.021
2001,8,9.531,0.028,9.38,0.025,9.394,0.021
2001,9,9.576,0.029,9.393,0.026,9.398,0.021
2001,10,9.575,0.03,9.401,0.025,9.405,0.021
2001,11,9.573,0.028,9.398,0.025,9.409,0.021
2001,12,9.574,0.027,9.396,0.025,9.415,0.022
2002,1,9.591,0.026,9.387,0.025,9.427,0.022
2002,2,9.602,0.031,9.384,0.025,9.431,0.022
2002,3,9.624,0.029,9.383,0.026,9.434,0.022
2002,4,9.634,0.032,9.386,0.025,9.442,0.023
2002,5,9.602,0.033,9.398,0.025,9.45,0.023
2002,6,9.565,0.034,9.393,0.025,9.452,0.023
2002,7,9.562,0.032,9.407,0.025,9.458,0.023
2002,8,9.513,0.032,9.403,0.024,9.462,0.023
2002,9,9.453,0.031,9.409,0.024,9.465,0.023
2002,10,9.448,0.028,9.41,0.024,9.467,0.023
2002,11,9.439,0.029,9.416,0.023,9.469,0.022
2002,12,9.433,0.026,9.423,0.024,9.47,0.023
2003,1,9.403,0.027,9.429,0.024,9.466,0.023
2003,2,9.412,0.025,9.429,0.023,9.456,0.022
2003,3,9.405,0.027,9.44,0.023,9.463,0.022
2003,4,9.439,0.025,9.46,0.023,9.463,0.022
2003,5,9.419,0.024,9.479,0.023,9.46,0.022
2003,6,9.507,0.023,9.496,0.023,9.457,0.022
2003,7,9.47,0.027,9.495,0.023,9.456,0.022
2003,8,9.502,0.026,9.506,0.023,9.451,0.022
2003,9,9.526,0.026,9.508,0.023,9.452,0.022
2003,10,9.533,0.031,9.505,0.023,9.457,0.021
2003,11,9.48,0.031,9.497,0.024,9.464,0.021
2003,12,9.471,0.032,9.503,0.023,9.461,0.021
2004,1,9.414,0.032,9.501,0.023,9.462,0.021
2004,2,9.374,0.031,9.509,0.022,9.458,0.022
2004,3,9.351,0.034,9.512,0.022,9.462,0.022
2004,4,9.332,0.033,9.52,0.022,9.467,0.021
2004,5,9.385,0.033,9.514,0.022,9.471,0.021
2004,6,9.314,0.035,9.523,0.023,9.473,0.021
2004,7,9.335,0.035,9.532,0.023,9.477,0.021
2004,8,9.29,0.038,9.524,0.023,9.48,0.021
2004,9,9.309,0.038,9.518,0.023,9.484,0.021
2004,10,9.337,0.035,9.528,0.023,9.485,0.021
2004,11,9.397,0.03,9.532,0.024,9.489,0.021
2004,12,9.446,0.032,9.537,0.023,9.487,0.021
2005,1,9.52,0.03,9.535,0.023,9.493,0.021
2005,2,9.548,0.03,9.538,0.022,9.495,0.021
2005,3,9.6,0.026,9.538,0.022,9.499,0.021
2005,4,9.64,0.028,9.544,0.022,9.5,0.021
2005,5,9.649,0.025,9.547,0.022,9.505,0.02
2005,6,9.699,0.024,9.555,0.022,9.508,0.02
2005,7,9.656,0.024,9.536,0.022,9.511,0.02
2005,8,9.696,0.024,9.528,0.022,9.513,0.02
2005,9,9.677,0.022,9.542,0.022,9.516,0.02
2005,10,9.632,0.025,9.544,0.023,9.524,0.02
2005,11,9.593,0.027,9.542,0.023,9.534,0.02
2005,12,9.592,0.024,9.544,0.023,9.538,0.02
2006,1,9.577,0.025,9.547,0.023,9.537,0.02
2006,2,9.61,0.022,9.542,0.023,9.537,0.021
2006,3,9.583,0.022,9.541,0.022,9.536,0.021
2006,4,9.556,0.022,9.542,0.022,9.538,0.021
2006,5,9.515,0.023,9.551,0.022,9.536,0.02
2006,6,9.527,0.023,9.539,0.022,9.538,0.02
2006,7,9.636,0.024,9.542,0.022,9.541,0.02
2006,8,9.621,0.023,9.535,0.022,9.547,0.02
2006,9,9.627,0.025,9.532,0.022,9.549,0.019
2006,10,9.688,0.025,9.533,0.022,9.553,0.019
2006,11,9.752,0.023,9.544,0.022,9.549,0.019
2006,12,9.742,0.023,9.55,0.022,9.55,0.02
2007,1,9.762,0.02,9.566,0.022,9.543,0.02
2007,2,9.749,0.025,9.575,0.022,9.534,0.021
2007,3,9.753,0.025,9.584,0.021,9.527,0.02
2007,4,9.753,0.027,9.584,0.022,9.531,0.02
2007,5,9.765,0.027,9.58,0.021,9.533,0.02
2007,6,9.726,0.028,9.581,0.022,9.536,0.02
2007,7,9.583,0.025,9.579,0.021,9.534,0.02
2007,8,9.532,0.028,9.586,0.021,9.536,0.02
2007,9,9.572,0.027,9.589,0.021,9.536,0.02
2007,10,9.53,0.027,9.591,0.021,9.539,0.02
2007,11,9.488,0.024,9.594,0.021,9.541,0.02
2007,12,9.471,0.022,9.593,0.021,9.541,0.021
2008,1,9.464,0.025,9.592,0.021,9.539,0.021
2008,2,9.43,0.025,9.597,0.021,9.539,0.021
2008,3,9.418,0.026,9.591,0.021,9.541,0.021
2008,4,9.428,0.026,9.588,0.021,9.539,0.021
2008,5,9.44,0.027,9.589,0.02,9.54,0.021
2008,6,9.43,0.027,9.58,0.02,9.544,0.022
2008,7,9.497,0.027,9.58,0.021,9.544,0.022
2008,8,9.538,0.026,9.568,0.021,9.545,0.022
2008,9,9.473,0.028,9.564,0.022,9.548,0.022
2008,10,9.476,0.028,9.571,0.021,9.547,0.022
2008,11,9.487,0.031,9.575,0.021,9.553,0.022
2008,12,9.498,0.035,9.573,0.02,9.549,0.023
2009,1,9.509,0.036,9.582,0.021,9.551,0.023
2009,2,9.539,0.032,9.585,0.022,9.543,0.023
2009,3,9.57,0.033,9.585,0.022,9.543,0.023
2009,4,9.544,0.031,9.586,0.022,9.546,0.023
2009,5,9.529,0.03,9.584,0.022,9.554,0.023
2009,6,9.521,0.034,9.578,0.022,9.557,0.023
2009,7,9.522,0.032,9.554,0.022,9.562,0.022
2009,8,9.545,0.032,9.543,0.023,9.568,0.022
2009,9,9.596,0.032,9.536,0.023,9.572,0.022
2009,10,9.627,0.032,9.534,0.023,9.574,0.022
2009,11,9.649,0.033,9.534,0.022,9.569,0.022
2009,12,9.66,0.03,9.536,0.022,9.574,0.022
2010,1,9.65,0.03,9.534,0.022,9.575,0.022
2010,2,9.656,0.032,9.533,0.022,9.581,0.022
2010,3,9.634,0.032,9.534,0.022,9.582,0.022
2010,4,9.661,0.033,9.535,0.022,9.58,0.022
2010,5,9.697,0.032,9.535,0.023,9.581,0.023
2010,6,9.694,0.029,9.528,0.023,9.581,0.023
2010,7,9.661,0.028,9.541,0.023,9.58,0.023
2010,8,9.605,0.027,9.55,0.023,9.582,0.023
2010,9,9.552,0.027,9.539,0.023,9.58,0.023
2010,10,9.535,0.026,9.535,0.023,9.582,0.023
2010,11,9.496,0.027,9.537,0.023,9.582,0.023
2010,12,9.495,0.028,9.544,0.024,9.587,0.023
2011,1,9.524,0.029,9.542,0.024,9.595,0.023
2011,2,9.549,0.029,9.549,0.023,9.603,0.024
2011,3,9.549,0.027,9.555,0.024,9.612,0.024
2011,4,9.543,0.029,9.552,0.024,9.621,0.024
2011,5,9.487,0.028,9.555,0.024,9.629,0.024
2011,6,9.518,0.027,9.56,0.025,9.628,0.024
2011,7,9.505,0.027,9.56,0.025,9.63,0.024
2011,8,9.494,0.03,9.55,0.026,9.633,0.025
2011,9,9.487,0.029,9.554,0.026,9.636,0.025
2011,10,9.5,0.029,9.558,0.026,9.635,0.025
2011,11,9.55,0.029,9.565,0.025,9.638,0.025
2011,12,9.557,0.029,9.565,0.025,9.637,0.025
2012,1,9.522,0.027,9.558,0.025,9.634,0.025
2012,2,9.49,0.03,9.561,0.025,9.64,0.025
2012,3,9.497,0.032,9.56,0.026,9.646,0.025
2012,4,9.499,0.032,9.564,0.026,9.644,0.025
2012,5,9.524,0.034,9.558,0.026,9.645,0.025
2012,6,9.474,0.035,9.568,0.026,9.644,0.025
2012,7,9.52,0.035,9.571,0.026,9.645,0.025
2012,8,9.569,0.03,9.575,0.026,9.647,0.025
2012,9,9.587,0.028,9.575,0.027,9.647,0.025
2012,10,9.536,0.028,9.569,0.027,9.649,0.026
2012,11,9.504,0.024,9.568,0.027,9.65,0.026
2012,12,9.511,0.024,9.569,0.028,9.655,0.026
2013,1,9.503,0.027,9.568,0.028,9.663,0.027
2013,2,9.511,0.03,9.568,0.029,9.668,0.027
2013,3,9.525,0.034,9.569,0.029,9.666,0.027
2013,4,9.513,0.032,9.575,0.029,9.67,0.027
2013,5,9.537,0.031,9.574,0.03,9.673,0.028
2013,6,9.59,0.034,9.594,0.031,9.676,0.028
2013,7,9.594,0.034,9.61,0.03,9.678,0.028
2013,8,9.538,0.036,9.637,0.03,9.683,0.028
2013,9,9.549,0.037,9.661,0.031,9.684,0.028
2013,10,9.595,0.036,9.672,0.031,9.685,0.029
2013,11,9.623,0.038,9.682,0.031,9.683,0.029
2013,12,9.601,0.038,9.682,0.03,9.687,0.029
2014,1,9.591,0.036,9.678,0.03,9.689,0.029
2014,2,9.6,0.037,9.682,0.03,9.692,0.03
2014,3,9.594,0.035,9.687,0.031,9.7,0.03
2014,4,9.603,0.035,9.685,0.031,9.705,0.03
2014,5,9.547,0.034,9.692,0.032,9.707,0.03
2014,6,9.562,0.033,9.697,0.032,9.709,0.029
2014,7,9.575,0.032,9.714,0.032,9.71,0.03
2014,8,9.67,0.031,9.736,0.031,9.712,0.03
2014,9,9.702,0.03,9.755,0.031,9.713,0.03
2014,10,9.68,0.031,9.755,0.031,9.718,0.03
2014,11,9.665,0.029,9.756,0.031,9.72,0.03
2014,12,9.682,0.031,9.753,0.03,9.729,0.03
2015,1,9.698,0.034,9.757,0.031,9.737,0.03
2015,2,9.689,0.032,9.76,0.031,9.744,0.031
2015,3,9.681,0.03,9.761,0.031,9.747,0.031
2015,4,9.717,0.03,9.764,0.032,9.75,0.031
2015,5,9.775,0.032,9.765,0.032,9.751,0.032
2015,6,9.827,0.037,9.783,0.032,9.754,0.032
2015,7,9.854,0.036,9.784,0.033,9.756,0.032
2015,8,9.916,0.036,9.786,0.034,9.758,0.033
2015,9,9.979,0.039,9.794,0.034,9.763,0.033
2015,10,10.047,0.042,9.805,0.034,9.763,0.033
2015,11,10.071,0.042,9.808,0.035,9.765,0.033
2015,12,10.059,0.037,9.807,0.035,9.77,0.033
2016,1,10.078,0.036,9.815,0.036,9.774,0.033
2016,2,10.12,0.038,9.816,0.036,9.776,0.032
2016,3,10.137,0.036,9.812,0.035,9.781,0.032
2016,4,10.093,0.038,9.819,0.036,9.781,0.032
2016,5,10.075,0.041,9.811,0.035,9.784,0.032
2016,6,10.029,0.037,9.814,0.036,9.786,0.032
2016,7,10.025,0.036,9.818,0.036,9.787,0.032
2016,8,9.989,0.034,9.834,0.037,9.787,0.032
2016,9,9.96,0.03,9.847,0.037,9.791,0.032
2016,10,9.918,0.029,9.852,0.037,9.794,0.033
2016,11,9.917,0.031,9.849,0.036,9.799,0.033
2016,12,9.909,0.032,9.852,0.036,9.802,0.033
2017,1,9.913,0.037,9.862,0.036,9.809,0.033
2017,2,9.882,0.037,9.863,0.037,NA,NA
2017,3,9.869,0.035,9.866,0.037,NA,NA
2017,4,9.894,0.037,9.872,0.037,NA,NA
2017,5,9.889,0.038,9.882,0.036,NA,NA
2017,6,9.906,0.035,9.89,0.037,NA,NA
2017,7,9.872,0.038,9.902,0.036,NA,NA
2017,8,9.818,0.041,9.913,0.036,NA,NA
2017,9,9.779,0.043,9.919,0.036,NA,NA
2017,10,9.782,0.043,9.93,0.036,NA,NA
2017,11,9.767,0.047,9.935,0.037,NA,NA
2017,12,9.785,0.052,9.938,0.037,NA,NA
2018,1,9.796,0.051,9.945,0.037,NA,NA
2018,2,9.789,0.053,9.948,0.038,NA,NA
2018,3,9.78,0.052,9.956,0.038,NA,NA
2018,4,9.787,0.051,9.951,0.038,NA,NA
2018,5,9.766,0.049,9.957,0.037,NA,NA
2018,6,9.745,0.052,9.945,0.036,NA,NA
2018,7,9.766,0.05,9.938,0.036,NA,NA
2018,8,9.777,0.052,9.914,0.036,NA,NA
2018,9,9.814,0.052,9.901,0.036,NA,NA
2018,10,9.83,0.053,9.889,0.035,NA,NA
2018,11,9.823,0.044,9.886,0.035,NA,NA
2018,12,9.826,0.041,9.89,0.036,NA,NA
2019,1,9.826,0.042,9.896,0.036,NA,NA
2019,2,9.835,0.042,9.892,0.036,NA,NA
2019,3,9.862,0.044,9.895,0.036,NA,NA
2019,4,9.87,0.043,9.904,0.036,NA,NA
2019,5,9.903,0.045,9.907,0.036,NA,NA
2019,6,9.945,0.048,9.907,0.035,NA,NA
2019,7,9.994,0.048,9.904,0.035,NA,NA
2019,8,10.066,0.046,NA,NA,NA,NA
2019,9,10.061,0.044,NA,NA,NA,NA
2019,10,10.073,0.04,NA,NA,NA,NA
2019,11,10.096,0.039,NA,NA,NA,NA
2019,12,10.109,0.041,NA,NA,NA,NA
2020,1,10.112,0.042,NA,NA,NA,NA
2020,2,10.113,0.041,NA,NA,NA,NA
2020,3,10.132,0.039,NA,NA,NA,NA
2020,4,10.109,0.039,NA,NA,NA,NA
2020,5,10.149,0.037,NA,NA,NA,NA
2020,6,10.099,0.036,NA,NA,NA,NA
2020,7,10.034,0.036,NA,NA,NA,NA
2020,8,9.921,0.037,NA,NA,NA,NA
2020,9,9.89,0.037,NA,NA,NA,NA
2020,10,9.845,0.036,NA,NA,NA,NA
2020,11,9.825,0.034,NA,NA,NA,NA
2020,12,9.822,0.035,NA,NA,NA,NA
