"Year","Month","USA_Avg_1","USA_Avg_Unc_1","USA_Avg_5","USA_Avg_Unc_5","USA_Avg_10","USA_Avg_Unc_10"
1850,1,10.535,0.671,10.587,0.493,10.746,0.409
1850,2,10.671,0.65,10.594,0.492,10.719,0.402
1850,3,10.745,0.601,10.591,0.49,10.708,0.408
1850,4,10.848,0.636,10.605,0.488,10.709,0.412
1850,5,10.706,0.616,10.581,0.496,10.718,0.414
1850,6,10.653,0.759,10.585,0.495,10.722,0.414
1850,7,10.683,0.671,10.573,0.496,10.718,0.412
1850,8,10.755,0.541,10.529,0.472,10.716,0.407
1850,9,10.954,0.525,10.526,0.477,10.726,0.4
1850,10,11.071,0.504,10.545,0.479,10.735,0.401
1850,11,11.175,0.497,10.536,0.489,10.747,0.402
1850,12,11.175,0.493,10.556,0.5,10.752,0.398
1851,1,11.157,0.49,10.567,0.488,10.692,0.383
1851,2,11.025,0.545,10.572,0.489,10.679,0.39
1851,3,11.066,0.584,10.604,0.488,10.654,0.391
1851,4,11.058,0.52,10.59,0.485,10.664,0.384
1851,5,10.938,0.487,10.64,0.472,10.661,0.386
1851,6,10.996,0.502,10.673,0.457,10.682,0.379
1851,7,10.792,0.57,10.668,0.436,10.69,0.374
1851,8,10.838,0.579,10.698,0.425,10.682,0.375
1851,9,10.692,0.634,10.703,0.415,10.669,0.377
1851,10,10.586,0.568,10.724,0.412,10.672,0.374
1851,11,10.611,0.594,10.74,0.418,10.653,0.366
1851,12,10.602,0.617,10.742,0.407,10.62,0.362
1852,1,10.574,0.626,10.768,0.401,10.602,0.362
1852,2,10.54,0.566,10.78,0.403,10.61,0.369
1852,3,10.375,0.568,10.798,0.397,10.624,0.376
1852,4,10.403,0.491,10.839,0.396,10.597,0.38
1852,5,10.377,0.548,10.815,0.39,10.602,0.385
1852,6,10.492,0.516,10.849,0.399,10.608,0.381
1852,7,10.619,0.557,10.846,0.402,10.61,0.374
1852,8,10.404,0.472,10.819,0.363,10.616,0.372
1852,9,10.427,0.441,10.826,0.369,10.622,0.371
1852,10,10.604,0.456,10.877,0.36,10.62,0.371
1852,11,10.554,0.408,10.905,0.365,10.612,0.376
1852,12,10.629,0.447,10.906,0.356,10.627,0.375
1853,1,10.608,0.446,10.893,0.357,10.635,0.369
1853,2,10.639,0.48,10.867,0.36,10.607,0.368
1853,3,10.726,0.473,10.871,0.362,10.614,0.367
1853,4,10.607,0.459,10.861,0.35,10.618,0.367
1853,5,10.804,0.398,10.864,0.344,10.609,0.371
1853,6,10.85,0.38,10.867,0.338,10.619,0.371
1853,7,10.701,0.486,10.775,0.343,10.628,0.366
1853,8,10.819,0.444,10.732,0.344,10.629,0.365
1853,9,10.951,0.421,10.691,0.346,10.645,0.363
1853,10,10.932,0.373,10.715,0.337,10.645,0.358
1853,11,10.915,0.375,10.724,0.335,10.648,0.352
1853,12,10.835,0.343,10.76,0.334,10.659,0.343
1854,1,10.966,0.354,10.777,0.33,10.665,0.335
1854,2,11.024,0.368,10.774,0.331,10.684,0.328
1854,3,11.081,0.385,10.744,0.337,10.678,0.322
1854,4,11.279,0.376,10.734,0.335,10.671,0.319
1854,5,11.251,0.449,10.736,0.337,10.687,0.318
1854,6,11.253,0.431,10.713,0.329,10.697,0.313
1854,7,11.434,0.559,10.672,0.321,10.702,0.304
1854,8,11.277,0.549,10.673,0.319,10.702,0.303
1854,9,11.104,0.581,10.679,0.32,10.696,0.299
1854,10,11.191,0.6,10.658,0.321,10.7,0.294
1854,11,11.271,0.602,10.635,0.318,10.689,0.287
1854,12,11.29,0.598,10.637,0.32,10.673,0.293
1855,1,11.16,0.628,10.634,0.323,10.671,0.287
1855,2,11.106,0.647,10.639,0.327,10.67,0.277
1855,3,11.108,0.609,10.653,0.33,10.693,0.278
1855,4,10.96,0.572,10.635,0.335,10.709,0.271
1855,5,10.953,0.498,10.642,0.338,10.724,0.268
1855,6,10.745,0.468,10.668,0.334,10.727,0.263
1855,7,10.329,0.472,10.697,0.32,10.727,0.265
1855,8,10.32,0.487,10.684,0.333,10.717,0.269
1855,9,10.279,0.488,10.701,0.326,10.709,0.271
1855,10,10.262,0.516,10.69,0.336,10.709,0.271
1855,11,10.272,0.528,10.681,0.337,10.704,0.27
1855,12,10.444,0.435,10.682,0.334,10.719,0.272
1856,1,10.578,0.38,10.688,0.334,10.7,0.277
1856,2,10.561,0.373,10.687,0.335,10.703,0.281
1856,3,10.431,0.383,10.686,0.336,10.695,0.29
1856,4,10.422,0.369,10.701,0.338,10.7,0.291
1856,5,10.294,0.38,10.655,0.335,10.694,0.29
1856,6,10.227,0.32,10.644,0.337,10.703,0.285
1856,7,10.275,0.294,10.662,0.337,10.703,0.283
1856,8,10.547,0.351,10.67,0.331,10.703,0.283
1856,9,10.635,0.328,10.654,0.325,10.691,0.288
1856,10,10.304,0.337,10.618,0.322,10.686,0.287
1856,11,10.163,0.343,10.634,0.316,10.705,0.285
1856,12,9.987,0.38,10.652,0.323,10.74,0.283
1857,1,9.86,0.406,10.637,0.319,10.75,0.289
1857,2,9.863,0.392,10.625,0.32,10.717,0.285
1857,3,9.919,0.398,10.594,0.318,10.716,0.29
1857,4,9.908,0.392,10.56,0.307,10.72,0.298
1857,5,9.907,0.425,10.562,0.308,10.72,0.293
1857,6,10.265,0.446,10.497,0.315,10.722,0.292
1857,7,10.744,0.437,10.495,0.302,10.727,0.292
1857,8,10.458,0.431,10.522,0.307,10.738,0.292
1857,9,10.538,0.42,10.56,0.302,10.752,0.294
1857,10,10.761,0.445,10.541,0.295,10.752,0.295
1857,11,10.786,0.433,10.543,0.294,10.763,0.296
1857,12,10.852,0.442,10.548,0.288,10.776,0.301
1858,1,10.877,0.433,10.562,0.284,10.786,0.302
1858,2,10.879,0.408,10.566,0.287,10.795,0.306
1858,3,10.892,0.399,10.547,0.286,10.802,0.308
1858,4,10.935,0.422,10.556,0.277,10.803,0.311
1858,5,10.872,0.413,10.543,0.281,10.813,0.304
1858,6,10.73,0.413,10.57,0.269,10.808,0.303
1858,7,10.527,0.442,10.625,0.276,10.81,0.305
1858,8,10.751,0.393,10.675,0.279,10.812,0.309
1858,9,10.715,0.363,10.7,0.288,10.81,0.312
1858,10,10.572,0.291,10.686,0.292,10.8,0.309
1858,11,10.679,0.255,10.664,0.291,10.789,0.311
1858,12,10.69,0.267,10.646,0.288,10.782,0.321
1859,1,10.709,0.279,10.629,0.29,10.787,0.321
1859,2,10.715,0.28,10.632,0.283,10.796,0.33
1859,3,10.617,0.258,10.639,0.283,10.779,0.336
1859,4,10.577,0.255,10.638,0.279,10.771,0.341
1859,5,10.787,0.253,10.674,0.272,10.785,0.341
1859,6,10.52,0.272,10.767,0.277,10.79,0.342
1859,7,10.6,0.279,10.827,0.299,10.786,0.345
1859,8,10.534,0.306,10.761,0.288,10.79,0.347
1859,9,10.635,0.337,10.753,0.303,10.787,0.343
1859,10,10.807,0.316,10.781,0.32,10.763,0.334
1859,11,10.815,0.318,10.805,0.31,10.754,0.323
1859,12,10.77,0.268,10.808,0.309,10.74,0.319
1860,1,10.785,0.289,10.82,0.303,10.719,0.315
1860,2,10.813,0.335,10.837,0.295,10.729,0.317
1860,3,10.874,0.344,10.85,0.289,10.729,0.313
1860,4,10.94,0.417,10.868,0.285,10.712,0.314
1860,5,10.858,0.459,10.884,0.287,10.721,0.311
1860,6,11.107,0.415,10.884,0.298,10.73,0.312
1860,7,10.98,0.47,10.875,0.31,10.73,0.31
1860,8,11.084,0.543,10.905,0.295,10.736,0.312
1860,9,10.978,0.558,10.904,0.308,10.746,0.314
1860,10,10.986,0.618,10.917,0.304,10.75,0.311
1860,11,10.875,0.748,10.945,0.29,10.759,0.314
1860,12,10.93,0.742,10.934,0.295,10.756,0.32
1861,1,10.915,0.718,10.932,0.303,10.788,0.321
1861,2,10.889,0.71,10.936,0.313,10.793,0.326
1861,3,10.891,0.712,10.933,0.326,10.8,0.331
1861,4,10.83,0.628,10.9,0.33,10.795,0.335
1861,5,10.949,0.616,10.922,0.342,10.786,0.336
1861,6,11.211,0.516,10.92,0.372,10.765,0.335
1861,7,11.285,0.527,10.913,0.366,10.76,0.335
1861,8,10.979,0.442,10.922,0.388,10.756,0.328
1861,9,10.9,0.43,10.904,0.395,10.756,0.333
1861,10,10.78,0.463,10.925,0.409,10.765,0.335
1861,11,10.871,0.414,10.936,0.422,10.785,0.341
1861,12,10.797,0.442,10.928,0.429,10.812,0.341
1862,1,10.814,0.44,10.935,0.44,10.835,0.346
1862,2,10.89,0.436,10.955,0.447,10.828,0.352
1862,3,10.977,0.408,10.981,0.443,10.796,0.349
1862,4,11.06,0.396,10.966,0.44,10.817,0.344
1862,5,10.957,0.478,10.945,0.439,10.816,0.341
1862,6,10.849,0.583,10.982,0.442,10.823,0.342
1862,7,10.98,0.498,10.943,0.45,10.825,0.343
1862,8,11.179,0.444,10.935,0.452,10.834,0.341
1862,9,11.29,0.415,10.898,0.443,10.845,0.342
1862,10,11.439,0.403,10.882,0.443,10.857,0.344
1862,11,11.483,0.371,10.899,0.454,10.88,0.337
1862,12,11.483,0.376,10.912,0.46,10.884,0.336
1863,1,11.438,0.389,10.898,0.451,10.841,0.338
1863,2,11.374,0.401,10.905,0.448,10.85,0.343
1863,3,11.307,0.409,10.945,0.448,10.858,0.352
1863,4,11.092,0.417,10.943,0.428,10.854,0.35
1863,5,11.062,0.412,10.975,0.438,10.858,0.347
1863,6,10.913,0.489,10.943,0.444,10.854,0.349
1863,7,10.719,0.536,10.95,0.433,10.864,0.351
1863,8,10.835,0.67,10.912,0.424,10.864,0.352
1863,9,10.717,0.704,10.901,0.415,10.852,0.355
1863,10,10.612,0.797,10.905,0.411,10.852,0.362
1863,11,10.635,0.876,10.908,0.409,10.863,0.366
1863,12,10.659,0.919,10.884,0.417,10.858,0.371
1864,1,10.725,0.958,10.891,0.42,10.873,0.373
1864,2,10.809,0.969,10.88,0.411,10.868,0.383
1864,3,10.855,0.93,10.874,0.414,10.858,0.387
1864,4,10.907,0.881,10.892,0.421,10.867,0.382
1864,5,10.9,0.794,10.895,0.441,10.862,0.386
1864,6,10.83,0.656,10.858,0.446,10.856,0.389
1864,7,10.749,0.652,10.843,0.423,10.854,0.39
1864,8,10.6,0.55,10.895,0.438,10.862,0.394
1864,9,10.606,0.483,10.839,0.418,10.869,0.392
1864,10,10.594,0.374,10.853,0.392,10.854,0.398
1864,11,10.629,0.331,10.826,0.398,10.846,0.404
1864,12,10.69,0.321,10.838,0.398,10.871,0.404
1865,1,10.596,0.317,10.83,0.407,10.873,0.411
1865,2,10.564,0.329,10.831,0.408,10.882,0.418
1865,3,10.693,0.345,10.839,0.412,10.854,0.407
1865,4,10.825,0.366,10.846,0.419,10.859,0.407
1865,5,11.005,0.362,10.875,0.404,10.864,0.416
1865,6,10.911,0.421,10.885,0.391,10.87,0.413
1865,7,11.017,0.423,10.808,0.388,10.874,0.407
1865,8,10.969,0.538,10.795,0.42,10.87,0.401
1865,9,10.991,0.644,10.813,0.423,10.876,0.399
1865,10,11.099,0.651,10.791,0.423,10.876,0.387
1865,11,10.924,0.639,10.771,0.429,10.891,0.397
1865,12,10.789,0.596,10.773,0.426,10.883,0.401
1866,1,10.883,0.645,10.796,0.423,10.899,0.4
1866,2,10.765,0.598,10.792,0.416,10.897,0.4
1866,3,10.538,0.576,10.771,0.409,10.908,0.39
1866,4,10.575,0.63,10.803,0.422,10.909,0.383
1866,5,10.551,0.637,10.803,0.418,10.921,0.376
1866,6,10.787,0.579,10.796,0.396,10.928,0.379
1866,7,10.749,0.568,10.833,0.41,10.93,0.381
1866,8,10.893,0.547,10.814,0.41,10.939,0.378
1866,9,10.59,0.442,10.813,0.407,10.941,0.374
1866,10,10.518,0.367,10.809,0.377,10.948,0.372
1866,11,10.459,0.37,10.789,0.372,10.924,0.383
1866,12,10.568,0.379,10.783,0.371,10.892,0.39
1867,1,10.505,0.383,10.773,0.367,10.883,0.375
1867,2,10.644,0.431,10.768,0.374,10.907,0.38
1867,3,10.802,0.402,10.757,0.377,10.902,0.367
1867,4,10.829,0.381,10.742,0.392,10.908,0.359
1867,5,10.856,0.318,10.747,0.405,10.909,0.359
1867,6,10.984,0.357,10.761,0.412,10.914,0.362
1867,7,10.805,0.363,10.804,0.416,10.909,0.36
1867,8,10.676,0.407,10.828,0.432,10.906,0.363
1867,9,11.161,0.462,10.81,0.422,10.899,0.365
1867,10,11.131,0.543,10.836,0.42,10.894,0.365
1867,11,11.208,0.559,10.83,0.427,10.87,0.365
1867,12,11.161,0.553,10.827,0.412,10.836,0.359
1868,1,11.27,0.498,10.85,0.409,10.815,0.36
1868,2,11.176,0.496,10.834,0.402,10.806,0.369
1868,3,10.966,0.49,10.808,0.393,10.803,0.36
1868,4,10.88,0.516,10.809,0.39,10.785,0.361
1868,5,10.702,0.473,10.808,0.396,10.771,0.364
1868,6,10.471,0.5,10.823,0.393,10.777,0.366
1868,7,10.843,0.557,10.848,0.397,10.78,0.361
1868,8,10.933,0.614,10.882,0.406,10.783,0.358
1868,9,10.716,0.618,10.914,0.402,10.78,0.354
1868,10,10.701,0.545,10.912,0.393,10.784,0.352
1868,11,10.722,0.564,10.934,0.381,10.786,0.344
1868,12,10.71,0.599,10.973,0.376,10.785,0.327
1869,1,10.609,0.589,10.97,0.377,10.799,0.326
1869,2,10.692,0.626,10.998,0.384,10.78,0.311
1869,3,10.787,0.608,11.008,0.37,10.779,0.303
1869,4,10.599,0.558,11.004,0.357,10.763,0.291
1869,5,10.62,0.599,10.953,0.357,10.762,0.288
1869,6,10.651,0.551,10.926,0.364,10.768,0.286
1869,7,10.608,0.561,10.924,0.359,10.77,0.284
1869,8,10.67,0.516,10.919,0.354,10.769,0.286
1869,9,10.59,0.413,10.964,0.351,10.767,0.289
1869,10,10.73,0.472,10.964,0.361,10.786,0.293
1869,11,10.835,0.5,10.992,0.355,10.79,0.295
1869,12,10.91,0.446,10.991,0.361,10.805,0.297
1870,1,10.982,0.425,10.988,0.344,10.784,0.293
1870,2,10.895,0.399,10.98,0.351,10.762,0.296
1870,3,10.944,0.409,10.958,0.35,10.752,0.297
1870,4,11.159,0.357,10.943,0.342,10.745,0.295
1870,5,11.312,0.355,10.866,0.347,10.736,0.295
1870,6,11.222,0.308,10.788,0.339,10.729,0.296
1870,7,11.235,0.291,10.821,0.343,10.732,0.299
1870,8,11.24,0.267,10.817,0.333,10.722,0.298
1870,9,11.515,0.346,10.793,0.315,10.703,0.293
1870,10,11.481,0.337,10.778,0.314,10.704,0.295
1870,11,11.447,0.309,10.77,0.315,10.684,0.298
1870,12,11.516,0.299,10.781,0.319,10.729,0.297
1871,1,11.482,0.311,10.763,0.312,10.745,0.295
1871,2,11.585,0.313,10.775,0.311,10.764,0.294
1871,3,11.539,0.322,10.789,0.309,10.749,0.288
1871,4,11.552,0.342,10.764,0.292,10.745,0.286
1871,5,11.274,0.354,10.77,0.281,10.75,0.282
1871,6,11.3,0.338,10.773,0.271,10.758,0.28
1871,7,11.129,0.308,10.765,0.26,10.756,0.28
1871,8,11.078,0.33,10.746,0.234,10.764,0.282
1871,9,10.839,0.405,10.745,0.225,10.768,0.277
1871,10,10.776,0.411,10.717,0.224,10.76,0.273
1871,11,10.747,0.45,10.736,0.222,10.743,0.271
1871,12,10.657,0.481,10.752,0.22,10.713,0.274
1872,1,10.597,0.449,10.767,0.222,10.713,0.281
1872,2,10.553,0.412,10.769,0.222,10.728,0.283
1872,3,10.553,0.401,10.778,0.227,10.764,0.284
1872,4,10.524,0.401,10.831,0.221,10.761,0.285
1872,5,10.422,0.352,10.832,0.219,10.766,0.284
1872,6,10.294,0.401,10.85,0.222,10.758,0.279
1872,7,10.293,0.395,10.764,0.22,10.762,0.274
1872,8,10.163,0.361,10.696,0.219,10.76,0.271
1872,9,10.305,0.359,10.694,0.228,10.754,0.27
1872,10,10.203,0.362,10.654,0.232,10.744,0.27
1872,11,10.099,0.375,10.642,0.232,10.728,0.268
1872,12,10.113,0.34,10.631,0.24,10.735,0.266
1873,1,10.145,0.346,10.614,0.242,10.767,0.27
1873,2,10.148,0.324,10.61,0.244,10.792,0.269
1873,3,10.123,0.309,10.598,0.242,10.808,0.263
1873,4,9.987,0.304,10.599,0.244,10.825,0.262
1873,5,10.22,0.272,10.56,0.25,10.824,0.258
1873,6,10.399,0.264,10.635,0.252,10.823,0.261
1873,7,10.561,0.206,10.642,0.248,10.821,0.262
1873,8,10.577,0.188,10.645,0.249,10.835,0.262
1873,9,10.474,0.167,10.585,0.249,10.842,0.259
1873,10,10.395,0.161,10.578,0.255,10.841,0.251
1873,11,10.554,0.123,10.565,0.254,10.857,0.25
1873,12,10.565,0.185,10.543,0.25,10.846,0.246
1874,1,10.628,0.174,10.543,0.244,10.826,0.239
1874,2,10.665,0.196,10.531,0.234,10.822,0.231
1874,3,10.729,0.232,10.528,0.233,10.848,0.228
1874,4,10.934,0.231,10.515,0.233,10.86,0.227
1874,5,10.933,0.267,10.533,0.229,10.869,0.227
1874,6,11.037,0.269,10.5,0.231,10.87,0.228
1874,7,10.603,0.271,10.502,0.254,10.876,0.229
1874,8,10.423,0.294,10.537,0.264,10.87,0.227
1874,9,10.335,0.331,10.564,0.267,10.872,0.228
1874,10,10.416,0.35,10.558,0.26,10.907,0.228
1874,11,10.365,0.322,10.541,0.261,10.912,0.227
1874,12,10.302,0.33,10.525,0.244,10.909,0.222
1875,1,10.215,0.343,10.536,0.24,10.934,0.224
1875,2,10.101,0.317,10.541,0.229,10.926,0.221
1875,3,10.045,0.293,10.55,0.229,10.931,0.226
1875,4,9.999,0.293,10.546,0.231,10.923,0.223
1875,5,9.948,0.354,10.589,0.225,10.923,0.22
1875,6,10.146,0.389,10.682,0.229,10.919,0.221
1875,7,10.625,0.369,10.713,0.233,10.908,0.224
1875,8,10.984,0.383,10.768,0.241,10.908,0.218
1875,9,10.969,0.336,10.822,0.242,10.9,0.217
1875,10,11.099,0.345,10.872,0.241,10.891,0.216
1875,11,11.061,0.352,10.879,0.235,10.841,0.212
1875,12,11.08,0.312,10.866,0.242,10.837,0.212
1876,1,11.128,0.31,10.879,0.249,10.804,0.208
1876,2,11.185,0.289,10.895,0.254,10.791,0.209
1876,3,11.192,0.281,10.896,0.251,10.776,0.213
1876,4,11.133,0.287,10.917,0.249,10.772,0.213
1876,5,11.14,0.331,10.943,0.256,10.778,0.211
1876,6,10.624,0.314,10.918,0.256,10.772,0.212
1876,7,10.427,0.417,10.887,0.248,10.774,0.21
1876,8,10.536,0.459,10.899,0.258,10.774,0.205
1876,9,10.736,0.431,10.952,0.265,10.781,0.206
1876,10,10.676,0.382,11.003,0.262,10.782,0.208
1876,11,10.626,0.357,11.002,0.265,10.789,0.207
1876,12,10.566,0.341,10.988,0.269,10.823,0.211
1877,1,10.565,0.324,10.985,0.274,10.835,0.212
1877,2,10.603,0.342,10.972,0.268,10.847,0.213
1877,3,10.664,0.382,10.966,0.265,10.865,0.219
1877,4,10.676,0.395,10.983,0.273,10.865,0.215
1877,5,10.704,0.363,10.991,0.276,10.849,0.215
1877,6,11.206,0.375,10.967,0.271,10.844,0.213
1877,7,11.347,0.335,11.103,0.275,10.841,0.211
1877,8,11.321,0.331,11.156,0.275,10.839,0.203
1877,9,11.597,0.348,11.169,0.276,10.84,0.201
1877,10,11.776,0.354,11.192,0.269,10.845,0.201
1877,11,11.788,0.346,11.204,0.267,10.866,0.201
1877,12,11.814,0.385,11.208,0.265,10.888,0.204
1878,1,11.859,0.43,11.202,0.27,10.874,0.203
1878,2,11.923,0.461,11.205,0.262,10.868,0.2
1878,3,11.848,0.427,11.202,0.261,10.863,0.201
1878,4,11.846,0.399,11.184,0.254,10.871,0.198
1878,5,11.992,0.421,11.123,0.257,10.868,0.196
1878,6,11.579,0.411,11.039,0.254,10.866,0.192
1878,7,11.433,0.364,10.966,0.257,10.864,0.191
1878,8,11.229,0.347,10.937,0.259,10.859,0.191
1878,9,11.123,0.331,10.967,0.264,10.86,0.19
1878,10,11.049,0.336,10.966,0.261,10.867,0.191
1878,11,11.17,0.352,10.991,0.254,10.873,0.194
1878,12,11.179,0.329,11,0.248,10.886,0.197
1879,1,11.158,0.32,11.004,0.251,10.858,0.197
1879,2,11.046,0.307,11.018,0.249,10.855,0.201
1879,3,11.08,0.333,11.033,0.252,10.859,0.204
1879,4,11.26,0.362,11.048,0.255,10.869,0.203
1879,5,11.172,0.326,11.045,0.252,10.859,0.208
1879,6,11.279,0.277,11.146,0.252,10.852,0.205
1879,7,11.684,0.333,11.169,0.242,10.84,0.208
1879,8,11.71,0.294,11.157,0.237,10.829,0.206
1879,9,11.42,0.283,11.165,0.245,10.829,0.203
1879,10,11.358,0.296,11.172,0.241,10.833,0.202
1879,11,11.375,0.3,11.158,0.243,10.837,0.204
1879,12,11.399,0.287,11.164,0.246,10.816,0.206
1880,1,11.3,0.309,11.145,0.245,10.832,0.204
1880,2,11.269,0.332,11.138,0.237,10.84,0.205
1880,3,11.226,0.356,11.129,0.229,10.852,0.204
1880,4,11.004,0.415,11.144,0.224,10.869,0.201
1880,5,10.607,0.436,11.142,0.22,10.86,0.198
1880,6,10.507,0.442,11.094,0.213,10.855,0.193
1880,7,9.94,0.468,11.036,0.205,10.858,0.189
1880,8,9.89,0.438,10.968,0.193,10.858,0.184
1880,9,9.959,0.399,10.904,0.194,10.862,0.184
1880,10,9.969,0.372,10.869,0.187,10.856,0.185
1880,11,9.998,0.357,10.857,0.187,10.873,0.186
1880,12,10.044,0.348,10.867,0.18,10.862,0.186
1881,1,10.14,0.363,10.848,0.177,10.823,0.189
1881,2,10.251,0.337,10.822,0.178,10.819,0.186
1881,3,10.348,0.352,10.824,0.179,10.829,0.186
1881,4,10.457,0.355,10.816,0.184,10.83,0.181
1881,5,10.748,0.372,10.803,0.187,10.842,0.18
1881,6,11.158,0.384,10.853,0.196,10.84,0.179
1881,7,11.439,0.343,10.829,0.203,10.843,0.181
1881,8,11.634,0.373,10.812,0.206,10.848,0.182
1881,9,11.729,0.374,10.766,0.21,10.852,0.182
1881,10,11.707,0.358,10.735,0.213,10.86,0.181
1881,11,11.459,0.359,10.716,0.218,10.855,0.179
1881,12,11.383,0.346,10.715,0.212,10.875,0.178
1882,1,11.268,0.31,10.694,0.217,10.873,0.169
1882,2,11.199,0.294,10.687,0.223,10.843,0.163
1882,3,11.144,0.281,10.693,0.227,10.849,0.163
1882,4,11.153,0.281,10.682,0.227,10.856,0.16
1882,5,11.192,0.259,10.683,0.223,10.873,0.162
1882,6,10.947,0.243,10.665,0.227,10.879,0.165
1882,7,10.681,0.305,10.561,0.22,10.88,0.166
1882,8,10.375,0.243,10.524,0.211,10.872,0.164
1882,9,10.29,0.234,10.536,0.197,10.869,0.16
1882,10,10.261,0.231,10.546,0.193,10.865,0.156
1882,11,10.285,0.193,10.517,0.188,10.87,0.154
1882,12,10.33,0.186,10.503,0.179,10.838,0.152
1883,1,10.375,0.184,10.513,0.174,10.803,0.149
1883,2,10.343,0.199,10.512,0.174,10.792,0.143
1883,3,10.321,0.165,10.522,0.179,10.744,0.141
1883,4,10.205,0.143,10.528,0.185,10.743,0.135
1883,5,10.293,0.138,10.624,0.183,10.739,0.137
1883,6,10.376,0.131,10.684,0.181,10.74,0.132
1883,7,10.398,0.114,10.68,0.191,10.734,0.131
1883,8,10.449,0.15,10.7,0.189,10.722,0.131
1883,9,10.434,0.16,10.691,0.184,10.728,0.132
1883,10,10.381,0.169,10.695,0.178,10.729,0.132
1883,11,10.465,0.179,10.692,0.18,10.72,0.133
1883,12,10.421,0.192,10.68,0.172,10.752,0.133
1884,1,10.388,0.217,10.681,0.175,10.76,0.133
1884,2,10.372,0.223,10.678,0.179,10.749,0.133
1884,3,10.424,0.231,10.671,0.181,10.746,0.131
1884,4,10.593,0.234,10.671,0.182,10.754,0.132
1884,5,10.573,0.238,10.664,0.177,10.744,0.131
1884,6,10.338,0.237,10.604,0.171,10.742,0.129
1884,7,10.347,0.229,10.577,0.179,10.737,0.13
1884,8,10.273,0.201,10.528,0.176,10.738,0.132
1884,9,10.267,0.168,10.534,0.175,10.732,0.134
1884,10,10.409,0.162,10.539,0.179,10.716,0.132
1884,11,10.376,0.173,10.587,0.175,10.708,0.13
1884,12,10.339,0.185,10.595,0.171,10.751,0.131
1885,1,10.396,0.18,10.616,0.173,10.72,0.126
1885,2,10.393,0.183,10.607,0.171,10.727,0.121
1885,3,10.372,0.184,10.61,0.165,10.731,0.115
1885,4,10.231,0.21,10.586,0.161,10.738,0.114
1885,5,10.312,0.211,10.598,0.157,10.727,0.118
1885,6,10.603,0.228,10.582,0.152,10.727,0.118
1885,7,10.534,0.235,10.571,0.155,10.735,0.116
1885,8,10.769,0.212,10.616,0.16,10.734,0.118
1885,9,10.733,0.265,10.585,0.154,10.736,0.12
1885,10,10.714,0.275,10.616,0.152,10.74,0.123
1885,11,10.877,0.276,10.62,0.154,10.79,0.125
1885,12,10.929,0.276,10.612,0.155,10.822,0.124
1886,1,10.978,0.314,10.619,0.155,10.854,0.128
1886,2,11.085,0.335,10.621,0.157,10.851,0.126
1886,3,11.096,0.326,10.633,0.155,10.836,0.123
1886,4,11.171,0.325,10.643,0.157,10.841,0.122
1886,5,10.951,0.343,10.637,0.158,10.824,0.123
1886,6,10.758,0.334,10.65,0.152,10.811,0.124
1886,7,10.924,0.295,10.691,0.147,10.795,0.122
1886,8,10.776,0.299,10.686,0.141,10.786,0.123
1886,9,10.943,0.283,10.725,0.137,10.79,0.124
1886,10,10.931,0.272,10.772,0.134,10.786,0.123
1886,11,10.933,0.253,10.773,0.137,10.792,0.12
1886,12,10.958,0.228,10.769,0.141,10.781,0.12
1887,1,10.942,0.215,10.78,0.14,10.766,0.122
1887,2,10.841,0.2,10.789,0.144,10.761,0.119
1887,3,10.835,0.186,10.772,0.141,10.749,0.115
1887,4,10.73,0.17,10.75,0.133,10.744,0.117
1887,5,10.861,0.194,10.732,0.13,10.746,0.117
1887,6,10.837,0.206,10.837,0.125,10.744,0.12
1887,7,10.651,0.17,10.879,0.12,10.746,0.121
1887,8,10.815,0.156,10.93,0.113,10.746,0.124
1887,9,10.546,0.137,10.927,0.117,10.752,0.121
1887,10,10.645,0.129,10.93,0.121,10.751,0.122
1887,11,10.45,0.121,10.937,0.124,10.754,0.124
1887,12,10.416,0.142,10.952,0.126,10.745,0.119
1888,1,10.392,0.128,10.958,0.123,10.756,0.122
1888,2,10.416,0.145,10.956,0.124,10.759,0.122
1888,3,10.438,0.135,10.95,0.124,10.752,0.123
1888,4,10.49,0.134,10.953,0.123,10.752,0.125
1888,5,10.488,0.131,10.956,0.125,10.754,0.128
1888,6,10.712,0.125,10.959,0.125,10.751,0.133
1888,7,10.998,0.136,11.028,0.124,10.754,0.134
1888,8,10.798,0.134,11.003,0.126,10.754,0.135
1888,9,11.136,0.133,10.981,0.12,10.757,0.137
1888,10,11.162,0.134,10.988,0.118,10.761,0.139
1888,11,11.227,0.137,10.955,0.122,10.751,0.14
1888,12,11.203,0.128,10.941,0.127,10.753,0.142
1889,1,11.193,0.133,10.909,0.128,10.775,0.144
1889,2,11.209,0.146,10.894,0.13,10.765,0.143
1889,3,11.117,0.137,10.908,0.129,10.779,0.14
1889,4,11.125,0.14,10.901,0.129,10.797,0.14
1889,5,11.05,0.162,10.92,0.133,10.802,0.143
1889,6,11.274,0.195,10.958,0.135,10.802,0.147
1889,7,11.289,0.177,10.954,0.13,10.807,0.147
1889,8,11.49,0.155,10.994,0.119,10.814,0.147
1889,9,11.277,0.164,10.964,0.109,10.813,0.147
1889,10,11.196,0.165,10.95,0.11,10.809,0.144
1889,11,11.198,0.183,10.904,0.116,10.812,0.143
1889,12,11.252,0.178,10.892,0.125,10.839,0.142
1890,1,11.283,0.179,10.877,0.127,10.846,0.142
1890,2,11.23,0.198,10.886,0.131,10.836,0.142
1890,3,11.263,0.211,10.894,0.133,10.837,0.14
1890,4,11.248,0.22,10.916,0.135,10.844,0.14
1890,5,11.428,0.235,10.911,0.139,10.848,0.139
1890,6,11.212,0.226,10.908,0.135,10.85,0.141
1890,7,11.28,0.245,10.941,0.142,10.84,0.142
1890,8,11.133,0.257,10.902,0.144,10.845,0.146
1890,9,11.003,0.25,10.918,0.149,10.853,0.147
1890,10,11.006,0.246,10.887,0.156,10.848,0.146
1890,11,10.967,0.25,10.887,0.163,10.833,0.147
1890,12,10.877,0.251,10.89,0.17,10.82,0.149
1891,1,10.737,0.242,10.89,0.176,10.855,0.15
1891,2,10.776,0.248,10.887,0.182,10.859,0.151
1891,3,10.887,0.244,10.88,0.188,10.856,0.152
1891,4,10.91,0.241,10.879,0.191,10.861,0.151
1891,5,10.775,0.224,10.865,0.194,10.859,0.152
1891,6,10.755,0.231,10.856,0.199,10.864,0.153
1891,7,10.554,0.203,10.859,0.204,10.86,0.153
1891,8,10.732,0.175,10.843,0.208,10.858,0.153
1891,9,10.861,0.138,10.833,0.21,10.852,0.151
1891,10,10.74,0.14,10.821,0.215,10.845,0.149
1891,11,10.678,0.142,10.832,0.221,10.848,0.15
1891,12,10.711,0.181,10.834,0.225,10.871,0.15
1892,1,10.778,0.19,10.834,0.227,10.875,0.149
1892,2,10.798,0.19,10.838,0.227,10.885,0.148
1892,3,10.766,0.188,10.855,0.23,10.869,0.147
1892,4,10.805,0.185,10.869,0.233,10.87,0.146
1892,5,10.813,0.175,10.892,0.234,10.862,0.146
1892,6,10.584,0.164,10.841,0.227,10.855,0.147
1892,7,10.583,0.195,10.814,0.225,10.851,0.146
1892,8,10.354,0.226,10.742,0.224,10.854,0.146
1892,9,10.316,0.269,10.747,0.216,10.864,0.147
1892,10,10.334,0.292,10.758,0.213,10.881,0.147
1892,11,10.367,0.304,10.76,0.205,10.882,0.149
1892,12,10.409,0.285,10.748,0.207,10.886,0.15
1893,1,10.458,0.293,10.722,0.206,10.919,0.151
1893,2,10.422,0.294,10.734,0.206,10.922,0.15
1893,3,10.368,0.32,10.756,0.208,10.943,0.149
1893,4,10.307,0.311,10.744,0.205,10.932,0.145
1893,5,10.26,0.319,10.709,0.201,10.937,0.145
1893,6,10.452,0.34,10.68,0.201,10.939,0.144
1893,7,10.587,0.347,10.683,0.203,10.937,0.144
1893,8,10.506,0.376,10.716,0.201,10.944,0.144
1893,9,10.71,0.361,10.731,0.198,10.947,0.144
1893,10,10.829,0.369,10.734,0.198,10.943,0.145
1893,11,10.951,0.389,10.763,0.195,10.932,0.145
1893,12,10.922,0.39,10.787,0.192,10.904,0.145
1894,1,10.915,0.395,10.811,0.191,10.905,0.146
1894,2,10.966,0.383,10.821,0.187,10.882,0.144
1894,3,10.99,0.367,10.796,0.184,10.853,0.142
1894,4,11.076,0.367,10.789,0.181,10.839,0.137
1894,5,11.184,0.36,10.775,0.18,10.838,0.136
1894,6,11.2,0.315,10.784,0.18,10.84,0.134
1894,7,11.063,0.275,10.795,0.185,10.838,0.131
1894,8,10.982,0.218,10.777,0.194,10.839,0.13
1894,9,10.849,0.184,10.774,0.201,10.848,0.13
1894,10,10.881,0.151,10.79,0.198,10.854,0.13
1894,11,10.836,0.106,10.82,0.19,10.882,0.129
1894,12,10.819,0.097,10.819,0.181,10.845,0.129
1895,1,10.72,0.076,10.825,0.176,10.864,0.131
1895,2,10.706,0.085,10.822,0.173,10.845,0.129
1895,3,10.768,0.099,10.834,0.174,10.854,0.125
1895,4,10.621,0.092,10.847,0.174,10.852,0.123
1895,5,10.514,0.096,10.852,0.173,10.86,0.121
1895,6,10.41,0.111,10.863,0.182,10.865,0.12
1895,7,10.625,0.139,10.897,0.176,10.859,0.119
1895,8,11.004,0.171,10.943,0.179,10.871,0.119
1895,9,10.923,0.181,10.967,0.171,10.879,0.118
1895,10,10.886,0.176,10.977,0.16,10.898,0.117
1895,11,10.984,0.197,10.987,0.155,10.892,0.114
1895,12,11.075,0.194,10.989,0.147,10.889,0.115
1896,1,11.184,0.193,10.984,0.141,10.891,0.113
1896,2,11.213,0.19,11.001,0.137,10.884,0.11
1896,3,11.087,0.199,11.015,0.134,10.904,0.109
1896,4,11.136,0.21,11.007,0.133,10.892,0.108
1896,5,11.101,0.209,10.999,0.125,10.901,0.105
1896,6,11.275,0.221,10.952,0.116,10.906,0.103
1896,7,11.116,0.212,10.95,0.11,10.929,0.103
1896,8,11.039,0.202,10.922,0.104,10.937,0.102
1896,9,11.073,0.218,10.873,0.099,10.926,0.102
1896,10,11.019,0.212,10.857,0.087,10.938,0.099
1896,11,10.96,0.206,10.845,0.082,10.945,0.099
1896,12,10.869,0.18,10.846,0.078,10.931,0.099
1897,1,10.848,0.174,10.841,0.073,10.945,0.101
1897,2,10.802,0.169,10.839,0.07,10.927,0.101
1897,3,10.957,0.17,10.841,0.07,10.939,0.103
1897,4,11.095,0.181,10.839,0.069,10.946,0.103
1897,5,11.201,0.181,10.871,0.066,10.965,0.1
1897,6,10.98,0.179,10.849,0.069,10.965,0.096
1897,7,11.095,0.179,10.915,0.071,10.962,0.095
1897,8,11.183,0.175,10.949,0.066,10.961,0.091
1897,9,11.282,0.15,10.96,0.067,10.95,0.092
1897,10,11.269,0.132,10.946,0.065,10.954,0.09
1897,11,11.204,0.145,10.96,0.064,10.97,0.086
1897,12,11.259,0.143,10.981,0.063,10.975,0.089
1898,1,11.254,0.116,10.997,0.064,10.993,0.086
1898,2,11.319,0.116,11.008,0.064,10.986,0.084
1898,3,11.272,0.099,11.001,0.061,11.004,0.079
1898,4,11.107,0.09,11.052,0.062,11.006,0.077
1898,5,10.994,0.06,11.074,0.058,11.01,0.076
1898,6,10.897,0.066,11.099,0.057,10.997,0.073
1898,7,10.853,0.064,11.1,0.051,10.989,0.071
1898,8,10.4,0.084,11.053,0.049,10.989,0.071
1898,9,10.241,0.101,11.077,0.052,10.984,0.07
1898,10,10.232,0.108,11.051,0.052,10.992,0.07
1898,11,10.238,0.13,11.038,0.051,10.997,0.07
1898,12,10.211,0.129,11.024,0.047,10.982,0.067
1899,1,10.199,0.141,11.046,0.046,10.972,0.064
1899,2,10.153,0.149,11.054,0.042,10.986,0.062
1899,3,10.122,0.144,11.056,0.044,10.982,0.062
1899,4,10.239,0.139,11.087,0.043,10.968,0.061
1899,5,10.544,0.146,11.116,0.043,10.963,0.057
1899,6,10.683,0.13,11.077,0.047,10.959,0.056
1899,7,10.884,0.13,11.095,0.043,10.949,0.052
1899,8,11.118,0.156,11.078,0.04,10.943,0.052
1899,9,11.282,0.146,11.103,0.039,10.945,0.052
1899,10,11.324,0.087,11.101,0.042,10.945,0.052
1899,11,11.412,0.082,11.11,0.041,10.953,0.054
1899,12,11.494,0.069,11.111,0.043,10.943,0.053
1900,1,11.499,0.072,11.1,0.041,10.945,0.053
1900,2,11.551,0.087,11.1,0.04,10.946,0.053
1900,3,11.569,0.083,11.067,0.041,10.97,0.054
1900,4,11.684,0.086,11.061,0.045,10.959,0.053
1900,5,11.528,0.081,11.087,0.044,10.954,0.053
1900,6,11.658,0.059,11.086,0.051,10.954,0.052
1900,7,11.553,0.059,11.089,0.054,10.957,0.05
1900,8,11.525,0.09,11.028,0.058,10.96,0.048
1900,9,11.508,0.118,11.04,0.059,10.961,0.05
1900,10,11.409,0.123,11.035,0.056,10.964,0.049
1900,11,11.376,0.12,11.033,0.054,10.979,0.05
1900,12,11.289,0.122,11.005,0.052,10.976,0.05
1901,1,11.432,0.146,10.994,0.054,10.983,0.046
1901,2,11.445,0.163,10.978,0.054,10.977,0.046
1901,3,11.359,0.175,10.953,0.057,10.969,0.045
1901,4,11.311,0.162,10.978,0.058,10.971,0.046
1901,5,11.313,0.146,10.995,0.056,10.958,0.047
1901,6,11.169,0.167,11.012,0.061,10.947,0.049
1901,7,11.091,0.152,10.993,0.058,10.94,0.05
1901,8,11.164,0.118,11.051,0.062,10.938,0.051
1901,9,11.204,0.123,11.09,0.065,10.953,0.051
1901,10,11.273,0.129,11.079,0.069,10.956,0.052
1901,11,11.319,0.124,11.082,0.07,10.966,0.052
1901,12,11.303,0.13,11.071,0.073,10.963,0.053
1902,1,11.114,0.129,11.056,0.073,10.976,0.054
1902,2,11.032,0.121,11.047,0.071,10.986,0.054
1902,3,11.012,0.107,11.05,0.073,11.018,0.055
1902,4,10.965,0.104,11.05,0.071,11.002,0.056
1902,5,11.055,0.111,11.034,0.072,10.978,0.058
1902,6,11.024,0.122,11.038,0.078,10.968,0.06
1902,7,11.063,0.139,10.975,0.081,10.965,0.06
1902,8,10.934,0.169,10.943,0.084,10.962,0.06
1902,9,10.965,0.181,10.981,0.087,10.952,0.061
1902,10,10.937,0.191,10.971,0.087,10.947,0.06
1902,11,10.822,0.179,10.948,0.088,10.948,0.057
1902,12,10.728,0.162,10.927,0.09,10.966,0.058
1903,1,10.724,0.147,10.917,0.092,10.975,0.058
1903,2,10.707,0.131,10.912,0.095,10.965,0.059
1903,3,10.705,0.137,10.92,0.095,10.978,0.062
1903,4,10.689,0.143,10.877,0.094,10.987,0.064
1903,5,10.534,0.149,10.883,0.095,10.983,0.065
1903,6,10.528,0.138,10.853,0.09,10.973,0.066
1903,7,10.372,0.137,10.865,0.089,10.973,0.066
1903,8,10.512,0.165,10.901,0.088,10.964,0.067
1903,9,10.491,0.161,10.86,0.088,10.964,0.069
1903,10,10.454,0.164,10.891,0.087,10.966,0.069
1903,11,10.481,0.151,10.878,0.09,10.986,0.069
1903,12,10.543,0.154,10.869,0.09,11.008,0.072
1904,1,10.514,0.137,10.834,0.091,11.02,0.072
1904,2,10.5,0.143,10.822,0.091,11.065,0.075
1904,3,10.603,0.155,10.85,0.087,11.079,0.077
1904,4,10.602,0.151,10.825,0.084,11.071,0.079
1904,5,10.741,0.149,10.815,0.083,11.063,0.08
1904,6,10.81,0.151,10.849,0.083,11.065,0.082
1904,7,10.793,0.146,10.857,0.084,11.063,0.083
1904,8,10.58,0.146,10.895,0.087,11.069,0.082
1904,9,10.735,0.147,10.933,0.088,11.068,0.083
1904,10,10.784,0.146,10.902,0.086,11.063,0.082
1904,11,10.74,0.141,10.846,0.087,11.064,0.082
1904,12,10.773,0.127,10.826,0.087,11.037,0.084
1905,1,10.8,0.111,10.83,0.087,11.018,0.085
1905,2,10.877,0.101,10.825,0.087,11.013,0.088
1905,3,10.923,0.099,10.838,0.089,11.052,0.089
1905,4,10.816,0.101,10.833,0.088,11.062,0.091
1905,5,10.773,0.093,10.809,0.086,11.051,0.091
1905,6,10.734,0.082,10.846,0.084,11.042,0.093
1905,7,11.006,0.078,10.861,0.082,11.046,0.096
1905,8,11.314,0.091,10.902,0.083,11.039,0.099
1905,9,10.906,0.088,10.917,0.085,11.041,0.099
1905,10,11.01,0.085,10.94,0.089,11.038,0.099
1905,11,11.029,0.091,10.933,0.09,11.036,0.098
1905,12,11,0.114,10.942,0.093,11.025,0.096
1906,1,11.019,0.124,10.952,0.091,11.03,0.096
1906,2,10.994,0.127,10.95,0.092,11.048,0.094
1906,3,11.009,0.121,10.975,0.093,11.064,0.094
1906,4,11.052,0.119,10.955,0.091,11.068,0.094
1906,5,10.973,0.113,10.977,0.089,11.069,0.094
1906,6,11.148,0.116,11.003,0.09,11.08,0.093
1906,7,11.051,0.119,11.048,0.091,11.064,0.093
1906,8,11.133,0.122,11.079,0.09,11.054,0.094
1906,9,11.567,0.14,11.067,0.091,11.067,0.093
1906,10,11.327,0.157,11.063,0.091,11.055,0.092
1906,11,11.158,0.165,11.044,0.092,11.036,0.093
1906,12,11.086,0.163,11.059,0.094,11.04,0.093
1907,1,11.095,0.165,11.07,0.096,11.016,0.094
1907,2,11.046,0.156,11.091,0.097,11.014,0.096
1907,3,10.95,0.15,11.086,0.097,10.988,0.096
1907,4,11.009,0.15,11.076,0.097,10.987,0.096
1907,5,11.024,0.153,11.094,0.097,10.98,0.095
1907,6,11.01,0.136,11.036,0.098,10.975,0.095
1907,7,11.084,0.105,11.061,0.097,10.975,0.094
1907,8,10.97,0.106,11.083,0.098,10.97,0.094
1907,9,10.886,0.127,11.124,0.098,10.97,0.094
1907,10,11.124,0.152,11.153,0.101,10.965,0.093
1907,11,11.257,0.158,11.154,0.103,10.958,0.093
1907,12,11.309,0.162,11.156,0.106,10.969,0.091
1908,1,11.334,0.16,11.176,0.11,10.968,0.091
1908,2,11.33,0.169,11.165,0.113,10.972,0.091
1908,3,11.392,0.181,11.162,0.115,10.956,0.091
1908,4,11.297,0.185,11.199,0.115,10.962,0.091
1908,5,11.373,0.174,11.189,0.112,10.965,0.091
1908,6,11.315,0.192,11.196,0.114,10.976,0.091
1908,7,11.307,0.199,11.196,0.115,10.981,0.089
1908,8,11.4,0.209,11.196,0.112,10.992,0.089
1908,9,11.242,0.198,11.269,0.113,10.996,0.088
1908,10,11.071,0.174,11.244,0.115,10.986,0.086
1908,11,11.036,0.171,11.26,0.111,11.008,0.086
1908,12,11.126,0.174,11.292,0.11,11.021,0.086
1909,1,11.103,0.176,11.294,0.111,11.054,0.087
1909,2,11.209,0.166,11.286,0.112,11.045,0.086
1909,3,11.155,0.16,11.284,0.113,11.04,0.085
1909,4,11.209,0.157,11.286,0.113,11.048,0.084
1909,5,11.325,0.158,11.256,0.117,11.053,0.083
1909,6,10.973,0.153,11.231,0.118,11.063,0.083
1909,7,10.857,0.156,11.175,0.116,11.076,0.083
1909,8,10.6,0.144,11.134,0.117,11.081,0.084
1909,9,11.016,0.165,11.043,0.117,11.079,0.085
1909,10,11.234,0.161,11.072,0.117,11.085,0.085
1909,11,11.287,0.162,11.115,0.117,11.086,0.086
1909,12,11.261,0.151,11.123,0.115,11.063,0.085
1910,1,11.328,0.147,11.12,0.114,11.069,0.085
1910,2,11.245,0.144,11.115,0.116,11.111,0.085
1910,3,11.306,0.148,11.102,0.116,11.074,0.085
1910,4,11.43,0.152,11.096,0.116,11.093,0.085
1910,5,11.25,0.153,11.108,0.114,11.089,0.085
1910,6,11.535,0.148,11.093,0.114,11.08,0.085
1910,7,11.679,0.14,11.074,0.115,11.076,0.086
1910,8,11.878,0.132,11.043,0.111,11.065,0.087
1910,9,11.632,0.123,10.995,0.109,11.059,0.086
1910,10,11.467,0.119,10.985,0.104,11.076,0.085
1910,11,11.563,0.122,10.997,0.103,11.08,0.085
1910,12,11.676,0.114,11.009,0.097,11.089,0.086
1911,1,11.609,0.11,11.009,0.096,11.068,0.086
1911,2,11.599,0.11,11.034,0.095,11.065,0.086
1911,3,11.619,0.102,11.017,0.091,11.092,0.087
1911,4,11.486,0.092,11.016,0.088,11.081,0.087
1911,5,11.309,0.093,11.039,0.087,11.08,0.085
1911,6,11.322,0.107,11.039,0.088,11.075,0.085
1911,7,10.946,0.093,11.06,0.09,11.084,0.085
1911,8,10.824,0.095,11.01,0.089,11.084,0.085
1911,9,10.441,0.1,11.013,0.087,11.072,0.085
1911,10,10.465,0.095,11.033,0.084,11.07,0.086
1911,11,10.43,0.097,11.062,0.081,11.069,0.087
1911,12,10.244,0.099,11.068,0.078,11.041,0.087
1912,1,10.227,0.098,11.082,0.077,11.029,0.085
1912,2,10.191,0.101,11.071,0.077,11.004,0.084
1912,3,10.037,0.1,11.073,0.077,10.971,0.083
1912,4,10.058,0.089,11.094,0.078,10.976,0.083
1912,5,10.282,0.081,11.079,0.079,10.972,0.083
1912,6,10.319,0.085,11.089,0.077,10.978,0.08
1912,7,10.583,0.075,11.078,0.075,10.987,0.079
1912,8,10.512,0.07,11.138,0.075,10.988,0.079
1912,9,10.646,0.08,11.024,0.074,10.988,0.079
1912,10,10.686,0.089,11.033,0.072,10.972,0.078
1912,11,10.669,0.091,11.024,0.068,10.984,0.079
1912,12,10.74,0.094,11.003,0.068,10.96,0.079
1913,1,10.776,0.098,10.975,0.066,10.92,0.078
1913,2,10.926,0.099,10.966,0.067,10.924,0.078
1913,3,10.968,0.102,10.955,0.065,10.933,0.077
1913,4,10.897,0.104,10.953,0.063,10.916,0.075
1913,5,11.032,0.107,10.971,0.066,10.926,0.073
1913,6,11.046,0.112,10.982,0.067,10.944,0.071
1913,7,11.233,0.113,10.94,0.068,10.941,0.072
1913,8,11.236,0.124,10.933,0.071,10.95,0.072
1913,9,11.333,0.11,10.916,0.07,10.933,0.071
1913,10,11.313,0.099,10.918,0.07,10.953,0.07
1913,11,11.363,0.08,10.9,0.071,10.944,0.07
1913,12,11.417,0.08,10.859,0.069,10.948,0.069
1914,1,11.469,0.079,10.875,0.068,10.947,0.07
1914,2,11.393,0.073,10.883,0.069,10.934,0.07
1914,3,11.435,0.086,10.86,0.07,10.936,0.071
1914,4,11.6,0.107,10.854,0.071,10.947,0.07
1914,5,11.524,0.108,10.881,0.071,10.956,0.07
1914,6,11.224,0.094,10.85,0.07,10.958,0.068
1914,7,10.949,0.084,10.883,0.069,10.966,0.068
1914,8,11.242,0.094,10.873,0.07,10.962,0.067
1914,9,11.068,0.1,10.898,0.071,10.968,0.067
1914,10,11.233,0.098,10.88,0.073,10.967,0.066
1914,11,11.093,0.095,10.83,0.075,10.94,0.065
1914,12,10.94,0.086,10.832,0.072,10.954,0.063
1915,1,10.795,0.069,10.853,0.071,10.952,0.063
1915,2,10.721,0.068,10.861,0.07,10.971,0.064
1915,3,10.715,0.056,10.873,0.07,10.929,0.065
1915,4,10.722,0.058,10.847,0.069,10.897,0.064
1915,5,10.708,0.062,10.86,0.072,10.897,0.064
1915,6,11.001,0.078,10.827,0.074,10.892,0.064
1915,7,10.988,0.101,10.767,0.071,10.886,0.063
1915,8,10.853,0.121,10.806,0.072,10.883,0.063
1915,9,11.092,0.113,10.871,0.073,10.882,0.062
1915,10,10.893,0.112,10.848,0.072,10.877,0.062
1915,11,10.945,0.121,10.854,0.068,10.87,0.062
1915,12,10.955,0.122,10.88,0.067,10.875,0.062
1916,1,11.107,0.118,10.873,0.066,10.881,0.062
1916,2,11.185,0.108,10.865,0.066,10.895,0.065
1916,3,11.143,0.11,10.849,0.067,10.907,0.065
1916,4,10.995,0.12,10.89,0.067,10.911,0.065
1916,5,10.86,0.126,10.848,0.066,10.905,0.065
1916,6,10.662,0.121,10.858,0.064,10.903,0.064
1916,7,10.664,0.12,10.834,0.063,10.912,0.063
1916,8,10.523,0.122,10.858,0.066,10.917,0.063
1916,9,10.35,0.126,10.858,0.067,10.92,0.063
1916,10,10.274,0.129,10.861,0.068,10.931,0.063
1916,11,10.081,0.126,10.849,0.069,10.956,0.062
1916,12,10.109,0.114,10.848,0.067,10.969,0.062
1917,1,10.119,0.101,10.85,0.067,10.978,0.063
1917,2,10.081,0.095,10.854,0.067,10.983,0.063
1917,3,10.106,0.097,10.864,0.065,11.004,0.065
1917,4,10.023,0.094,10.839,0.063,11.003,0.065
1917,5,10.176,0.078,10.801,0.06,11.006,0.064
1917,6,10.204,0.081,10.82,0.06,11.021,0.064
1917,7,9.999,0.064,10.826,0.061,11.024,0.065
1917,8,10.178,0.069,10.804,0.063,11.036,0.065
1917,9,10.512,0.082,10.833,0.064,11.057,0.065
1917,10,10.529,0.075,10.761,0.064,11.065,0.065
1917,11,10.788,0.068,10.771,0.065,11.063,0.065
1917,12,10.976,0.061,10.781,0.067,11.065,0.067
1918,1,10.877,0.065,10.796,0.067,11.084,0.066
1918,2,10.947,0.076,10.801,0.066,11.084,0.066
1918,3,10.844,0.078,10.809,0.068,11.082,0.066
1918,4,11.111,0.084,10.801,0.069,11.075,0.065
1918,5,10.972,0.084,10.769,0.069,11.072,0.064
1918,6,11.197,0.091,10.767,0.07,11.071,0.066
1918,7,11.569,0.103,10.822,0.068,11.074,0.067
1918,8,11.492,0.103,10.857,0.071,11.063,0.067
1918,9,11.271,0.11,10.898,0.072,11.069,0.067
1918,10,11.375,0.114,10.904,0.076,11.068,0.068
1918,11,11.34,0.122,10.911,0.078,11.056,0.067
1918,12,11.26,0.131,10.947,0.077,11.069,0.065
1919,1,11.351,0.124,10.95,0.074,11.03,0.064
1919,2,11.337,0.118,10.951,0.075,11.056,0.064
1919,3,11.509,0.123,10.979,0.075,11.039,0.064
1919,4,11.345,0.112,11.008,0.074,11.035,0.063
1919,5,11.289,0.11,11.03,0.073,11.019,0.063
1919,6,11.034,0.107,11.087,0.072,11.016,0.063
1919,7,10.909,0.103,11.074,0.075,11.005,0.064
1919,8,10.972,0.104,11.092,0.076,11.007,0.064
1919,9,10.942,0.117,11.111,0.078,10.998,0.064
1919,10,10.733,0.133,11.126,0.078,10.997,0.064
1919,11,10.699,0.134,11.182,0.078,10.992,0.063
1919,12,10.608,0.137,11.21,0.081,10.995,0.063
1920,1,10.527,0.14,11.196,0.083,10.998,0.062
1920,2,10.454,0.136,11.211,0.085,11.008,0.063
1920,3,10.441,0.136,11.24,0.087,11.041,0.064
1920,4,10.533,0.135,11.282,0.088,11.042,0.063
1920,5,10.547,0.135,11.267,0.087,11.05,0.063
1920,6,10.739,0.133,11.303,0.089,11.066,0.064
1920,7,10.971,0.132,11.401,0.091,11.081,0.064
1920,8,11.122,0.148,11.362,0.092,11.086,0.065
1920,9,11.415,0.157,11.293,0.093,11.096,0.065
1920,10,11.609,0.157,11.302,0.09,11.066,0.065
1920,11,11.645,0.161,11.29,0.089,11.054,0.065
1920,12,11.784,0.148,11.262,0.092,11.05,0.065
1921,1,11.877,0.138,11.274,0.092,11.059,0.064
1921,2,11.939,0.14,11.261,0.092,11.08,0.063
1921,3,11.997,0.136,11.29,0.094,11.068,0.063
1921,4,12.031,0.12,11.245,0.092,11.067,0.062
1921,5,12.167,0.108,11.264,0.091,11.074,0.062
1921,6,12.26,0.098,11.279,0.089,11.083,0.062
1921,7,11.92,0.102,11.227,0.087,11.078,0.061
1921,8,11.696,0.09,11.254,0.087,11.08,0.061
1921,9,11.414,0.103,11.219,0.086,11.083,0.061
1921,10,11.384,0.096,11.209,0.084,11.095,0.06
1921,11,11.435,0.098,11.19,0.081,11.096,0.06
1921,12,11.425,0.089,11.183,0.079,11.108,0.059
1922,1,11.346,0.093,11.16,0.08,11.122,0.059
1922,2,11.381,0.098,11.159,0.08,11.158,0.059
1922,3,11.409,0.1,11.133,0.08,11.176,0.06
1922,4,11.392,0.095,11.155,0.08,11.189,0.059
1922,5,11.359,0.1,11.183,0.081,11.21,0.06
1922,6,11.287,0.104,11.171,0.08,11.211,0.061
1922,7,11.637,0.103,11.17,0.078,11.202,0.061
1922,8,11.527,0.123,11.213,0.077,11.194,0.061
1922,9,11.425,0.13,11.249,0.078,11.198,0.062
1922,10,11.407,0.131,11.322,0.077,11.224,0.063
1922,11,11.329,0.124,11.329,0.075,11.227,0.062
1922,12,11.234,0.129,11.351,0.073,11.221,0.063
1923,1,11.271,0.121,11.365,0.073,11.259,0.063
1923,2,11.196,0.12,11.372,0.074,11.261,0.063
1923,3,11.095,0.119,11.384,0.074,11.249,0.063
1923,4,10.925,0.117,11.331,0.072,11.244,0.062
1923,5,10.959,0.109,11.339,0.071,11.247,0.062
1923,6,11.077,0.1,11.333,0.072,11.223,0.062
1923,7,10.697,0.101,11.296,0.071,11.228,0.063
1923,8,10.951,0.079,11.303,0.067,11.225,0.063
1923,9,10.898,0.068,11.238,0.065,11.231,0.063
1923,10,10.913,0.074,11.23,0.063,11.226,0.063
1923,11,10.839,0.06,11.238,0.063,11.231,0.063
1923,12,10.865,0.048,11.218,0.062,11.224,0.062
1924,1,10.78,0.044,11.206,0.062,11.198,0.06
1924,2,10.826,0.041,11.209,0.062,11.174,0.06
1924,3,10.722,0.05,11.186,0.061,11.186,0.06
1924,4,10.893,0.06,11.182,0.061,11.186,0.059
1924,5,10.884,0.069,11.163,0.063,11.18,0.06
1924,6,10.493,0.068,11.128,0.065,11.171,0.06
1924,7,10.623,0.079,11.171,0.063,11.168,0.059
1924,8,10.768,0.078,11.225,0.066,11.169,0.06
1924,9,11.094,0.082,11.241,0.064,11.159,0.06
1924,10,11.299,0.084,11.252,0.066,11.165,0.061
1924,11,11.395,0.095,11.239,0.068,11.161,0.061
1924,12,11.449,0.113,11.211,0.068,11.184,0.062
1925,1,11.55,0.126,11.208,0.065,11.158,0.061
1925,2,11.519,0.138,11.177,0.061,11.188,0.061
1925,3,11.696,0.135,11.157,0.061,11.188,0.062
1925,4,11.414,0.123,11.165,0.063,11.223,0.062
1925,5,11.323,0.125,11.188,0.062,11.223,0.063
1925,6,11.549,0.137,11.139,0.061,11.228,0.061
1925,7,11.605,0.129,11.116,0.061,11.238,0.06
1925,8,11.574,0.114,11.16,0.063,11.249,0.06
1925,9,11.36,0.122,11.204,0.064,11.251,0.06
1925,10,11.144,0.111,11.187,0.065,11.237,0.06
1925,11,11.191,0.105,11.205,0.067,11.244,0.059
1925,12,11.115,0.094,11.185,0.067,11.236,0.06
1926,1,11.081,0.09,11.181,0.071,11.23,0.061
1926,2,11.123,0.083,11.188,0.072,11.235,0.061
1926,3,11.007,0.079,11.172,0.075,11.201,0.06
1926,4,11.286,0.092,11.207,0.076,11.201,0.061
1926,5,11.288,0.103,11.197,0.079,11.198,0.062
1926,6,11.235,0.085,11.169,0.081,11.199,0.062
1926,7,11.292,0.088,11.169,0.084,11.204,0.062
1926,8,11.304,0.107,11.094,0.082,11.204,0.063
1926,9,11.426,0.091,11.153,0.082,11.211,0.062
1926,10,11.497,0.099,11.162,0.083,11.217,0.062
1926,11,11.439,0.1,11.17,0.084,11.22,0.063
1926,12,11.393,0.094,11.16,0.085,11.22,0.063
1927,1,11.36,0.085,11.175,0.085,11.242,0.064
1927,2,11.221,0.079,11.18,0.086,11.263,0.066
1927,3,11.264,0.09,11.186,0.085,11.249,0.064
1927,4,11.308,0.092,11.176,0.085,11.254,0.064
1927,5,11.486,0.089,11.139,0.084,11.251,0.064
1927,6,11.342,0.095,11.197,0.086,11.247,0.064
1927,7,11.364,0.108,11.146,0.089,11.252,0.064
1927,8,11.202,0.121,11.163,0.087,11.252,0.065
1927,9,11.24,0.122,11.127,0.089,11.24,0.065
1927,10,11.079,0.122,11.124,0.09,11.228,0.066
1927,11,11.158,0.129,11.116,0.089,11.222,0.067
1927,12,11.102,0.128,11.104,0.085,11.203,0.067
1928,1,11.136,0.146,11.112,0.083,11.202,0.069
1928,2,11.251,0.145,11.125,0.084,11.202,0.071
1928,3,11.17,0.144,11.117,0.084,11.218,0.071
1928,4,11.132,0.135,11.144,0.084,11.218,0.071
1928,5,11.005,0.135,11.15,0.083,11.219,0.071
1928,6,11.225,0.138,11.139,0.085,11.235,0.071
1928,7,10.963,0.13,11.163,0.089,11.242,0.073
1928,8,10.622,0.12,11.166,0.093,11.245,0.074
1928,9,10.645,0.128,11.164,0.094,11.258,0.074
1928,10,10.789,0.132,11.173,0.096,11.276,0.074
1928,11,10.668,0.128,11.158,0.096,11.275,0.075
1928,12,10.739,0.127,11.181,0.095,11.276,0.077
1929,1,10.749,0.118,11.203,0.096,11.316,0.079
1929,2,10.785,0.122,11.2,0.098,11.312,0.079
1929,3,10.793,0.114,11.236,0.097,11.337,0.08
1929,4,10.739,0.108,11.251,0.097,11.353,0.081
1929,5,10.593,0.097,11.278,0.1,11.384,0.081
1929,6,10.632,0.099,11.313,0.102,11.393,0.081
1929,7,10.506,0.107,11.313,0.104,11.414,0.082
1929,8,11.111,0.113,11.302,0.107,11.421,0.082
1929,9,10.962,0.125,11.256,0.104,11.425,0.082
1929,10,11.108,0.127,11.256,0.102,11.432,0.083
1929,11,11.126,0.125,11.263,0.102,11.444,0.083
1929,12,11.169,0.118,11.283,0.103,11.467,0.083
1930,1,11.234,0.11,11.296,0.105,11.478,0.084
1930,2,11.247,0.117,11.326,0.104,11.467,0.084
1930,3,11.353,0.115,11.323,0.102,11.464,0.085
1930,4,11.253,0.105,11.29,0.099,11.441,0.084
1930,5,11.38,0.096,11.256,0.099,11.428,0.083
1930,6,11.26,0.107,11.267,0.097,11.418,0.083
1930,7,11.691,0.11,11.288,0.097,11.423,0.083
1930,8,11.592,0.119,11.245,0.096,11.431,0.083
1930,9,11.546,0.111,11.233,0.093,11.422,0.084
1930,10,11.392,0.111,11.249,0.091,11.445,0.084
1930,11,11.399,0.114,11.234,0.09,11.44,0.084
1930,12,11.502,0.11,11.286,0.089,11.432,0.084
1931,1,11.537,0.123,11.302,0.089,11.418,0.084
1931,2,11.494,0.12,11.302,0.089,11.361,0.085
1931,3,11.602,0.114,11.343,0.086,11.379,0.085
1931,4,11.824,0.114,11.345,0.085,11.379,0.086
1931,5,11.926,0.131,11.353,0.084,11.391,0.086
1931,6,12.104,0.117,11.383,0.085,11.402,0.086
1931,7,12.038,0.119,11.463,0.086,11.418,0.086
1931,8,11.984,0.121,11.529,0.087,11.428,0.086
1931,9,11.889,0.112,11.521,0.088,11.439,0.085
1931,10,11.912,0.105,11.544,0.089,11.432,0.085
1931,11,11.965,0.101,11.597,0.087,11.428,0.085
1931,12,11.901,0.105,11.627,0.086,11.442,0.086
1932,1,11.826,0.104,11.653,0.087,11.413,0.086
1932,2,11.855,0.105,11.661,0.087,11.385,0.085
1932,3,11.699,0.105,11.665,0.086,11.369,0.084
1932,4,11.503,0.098,11.689,0.085,11.362,0.083
1932,5,11.379,0.09,11.749,0.085,11.372,0.083
1932,6,11.113,0.08,11.737,0.084,11.38,0.084
1932,7,11.242,0.082,11.809,0.082,11.39,0.084
1932,8,10.915,0.071,11.772,0.083,11.415,0.083
1932,9,11.122,0.068,11.801,0.082,11.418,0.081
1932,10,11.042,0.066,11.758,0.081,11.409,0.081
1932,11,11.011,0.065,11.74,0.08,11.392,0.08
1932,12,11.117,0.064,11.733,0.081,11.412,0.08
1933,1,11.163,0.071,11.735,0.085,11.412,0.079
1933,2,11.131,0.074,11.736,0.084,11.42,0.079
1933,3,11.27,0.076,11.727,0.086,11.429,0.078
1933,4,11.404,0.073,11.746,0.086,11.446,0.079
1933,5,11.486,0.078,11.73,0.087,11.438,0.079
1933,6,11.807,0.088,11.725,0.086,11.452,0.079
1933,7,11.838,0.083,11.673,0.082,11.454,0.078
1933,8,12.045,0.078,11.557,0.08,11.463,0.077
1933,9,12.086,0.093,11.594,0.081,11.479,0.076
1933,10,12.265,0.104,11.586,0.08,11.485,0.075
1933,11,12.485,0.108,11.623,0.081,11.477,0.075
1933,12,12.445,0.115,11.623,0.082,11.483,0.076
1934,1,12.505,0.114,11.632,0.08,11.517,0.077
1934,2,12.579,0.116,11.657,0.079,11.531,0.077
1934,3,12.401,0.122,11.641,0.078,11.526,0.076
1934,4,12.462,0.13,11.612,0.076,11.528,0.076
1934,5,12.577,0.126,11.579,0.075,11.546,0.075
1934,6,12.403,0.104,11.572,0.074,11.552,0.074
1934,7,12.237,0.093,11.513,0.071,11.559,0.074
1934,8,12.322,0.091,11.468,0.066,11.559,0.073
1934,9,12.362,0.086,11.482,0.067,11.577,0.072
1934,10,12.179,0.077,11.469,0.067,11.581,0.071
1934,11,11.841,0.075,11.482,0.067,11.599,0.07
1934,12,11.7,0.079,11.478,0.067,11.617,0.07
1935,1,11.643,0.081,11.483,0.066,11.618,0.069
1935,2,11.619,0.082,11.503,0.065,11.589,0.069
1935,3,11.663,0.088,11.513,0.064,11.594,0.068
1935,4,11.535,0.084,11.527,0.065,11.575,0.067
1935,5,11.282,0.088,11.528,0.065,11.582,0.067
1935,6,11.197,0.102,11.558,0.067,11.588,0.067
1935,7,11.008,0.103,11.537,0.066,11.584,0.068
1935,8,10.518,0.098,11.595,0.066,11.581,0.067
1935,9,10.51,0.098,11.625,0.069,11.58,0.066
1935,10,10.531,0.099,11.643,0.071,11.6,0.066
1935,11,10.815,0.106,11.643,0.072,11.59,0.066
1935,12,10.95,0.107,11.618,0.072,11.612,0.064
1936,1,11.025,0.104,11.606,0.071,11.609,0.063
1936,2,11.1,0.103,11.624,0.069,11.589,0.062
1936,3,11.171,0.097,11.614,0.069,11.588,0.061
1936,4,11.157,0.096,11.626,0.07,11.593,0.061
1936,5,11.171,0.092,11.602,0.07,11.606,0.06
1936,6,11.341,0.099,11.582,0.071,11.594,0.06
1936,7,11.243,0.095,11.572,0.072,11.586,0.059
1936,8,11.538,0.087,11.533,0.074,11.587,0.059
1936,9,11.327,0.083,11.532,0.072,11.571,0.058
1936,10,11.326,0.079,11.512,0.072,11.565,0.057
1936,11,11.256,0.089,11.494,0.071,11.563,0.055
1936,12,11.177,0.098,11.478,0.071,11.568,0.054
1937,1,11.078,0.102,11.464,0.07,11.56,0.053
1937,2,11.083,0.104,11.457,0.07,11.533,0.052
1937,3,11.057,0.104,11.49,0.07,11.551,0.052
1937,4,11.078,0.101,11.473,0.068,11.559,0.052
1937,5,11.124,0.113,11.449,0.065,11.553,0.053
1937,6,11.042,0.119,11.497,0.066,11.547,0.053
1937,7,11.358,0.115,11.427,0.067,11.547,0.052
1937,8,11.553,0.124,11.406,0.068,11.544,0.051
1937,9,11.839,0.135,11.387,0.068,11.539,0.05
1937,10,11.913,0.14,11.391,0.068,11.55,0.05
1937,11,11.818,0.144,11.424,0.067,11.562,0.05
1937,12,11.817,0.143,11.443,0.065,11.578,0.05
1938,1,11.781,0.146,11.434,0.066,11.555,0.05
1938,2,11.737,0.144,11.427,0.066,11.586,0.049
1938,3,11.777,0.139,11.432,0.064,11.571,0.05
1938,4,11.896,0.135,11.455,0.063,11.585,0.05
1938,5,11.857,0.125,11.451,0.063,11.585,0.05
1938,6,11.929,0.119,11.5,0.061,11.573,0.051
1938,7,12.013,0.12,11.545,0.06,11.57,0.05
1938,8,11.735,0.115,11.621,0.06,11.577,0.049
1938,9,11.619,0.108,11.581,0.059,11.562,0.049
1938,10,11.608,0.104,11.599,0.059,11.555,0.049
1938,11,11.74,0.1,11.589,0.056,11.548,0.048
1938,12,11.744,0.104,11.565,0.057,11.531,0.047
1939,1,11.794,0.103,11.54,0.058,11.517,0.047
1939,2,11.745,0.097,11.517,0.058,11.519,0.048
1939,3,11.78,0.096,11.501,0.059,11.5,0.047
1939,4,11.699,0.082,11.518,0.059,11.478,0.047
1939,5,11.812,0.069,11.548,0.058,11.467,0.048
1939,6,11.975,0.068,11.563,0.057,11.457,0.048
1939,7,11.511,0.061,11.607,0.056,11.44,0.048
1939,8,11.688,0.064,11.598,0.057,11.435,0.049
1939,9,11.64,0.068,11.621,0.056,11.441,0.048
1939,10,11.579,0.069,11.649,0.056,11.436,0.048
1939,11,11.492,0.063,11.623,0.056,11.421,0.046
1939,12,11.524,0.062,11.616,0.055,11.412,0.046
1940,1,11.493,0.064,11.611,0.054,11.407,0.045
1940,2,11.469,0.065,11.585,0.052,11.404,0.045
1940,3,11.377,0.061,11.566,0.05,11.413,0.044
1940,4,11.443,0.056,11.573,0.047,11.415,0.043
1940,5,11.29,0.057,11.595,0.044,11.42,0.044
1940,6,11.213,0.06,11.599,0.042,11.412,0.042
1940,7,11.6,0.061,11.574,0.041,11.402,0.042
1940,8,11.588,0.06,11.577,0.04,11.399,0.042
1940,9,11.482,0.064,11.517,0.038,11.4,0.041
1940,10,11.569,0.07,11.528,0.036,11.402,0.04
1940,11,11.639,0.068,11.527,0.034,11.414,0.04
1940,12,11.561,0.063,11.528,0.034,11.406,0.039
1941,1,11.554,0.066,11.533,0.034,11.425,0.039
1941,2,11.551,0.071,11.531,0.033,11.469,0.039
1941,3,11.514,0.068,11.51,0.032,11.485,0.04
1941,4,11.473,0.065,11.485,0.031,11.506,0.04
1941,5,11.655,0.061,11.494,0.031,11.485,0.04
1941,6,11.659,0.058,11.479,0.031,11.475,0.04
1941,7,11.554,0.052,11.463,0.031,11.462,0.04
1941,8,11.425,0.049,11.504,0.031,11.446,0.039
1941,9,11.527,0.048,11.468,0.032,11.438,0.039
1941,10,11.574,0.049,11.445,0.032,11.438,0.039
1941,11,11.426,0.049,11.439,0.032,11.447,0.038
1941,12,11.432,0.046,11.435,0.034,11.455,0.037
1942,1,11.433,0.039,11.417,0.035,11.486,0.036
1942,2,11.422,0.036,11.412,0.036,11.484,0.036
1942,3,11.383,0.035,11.393,0.034,11.484,0.036
1942,4,11.355,0.03,11.399,0.034,11.488,0.037
1942,5,11.363,0.028,11.392,0.033,11.48,0.036
1942,6,11.218,0.033,11.327,0.032,11.471,0.035
1942,7,11.191,0.031,11.388,0.03,11.463,0.035
1942,8,11.447,0.033,11.401,0.029,11.46,0.034
1942,9,11.315,0.033,11.438,0.028,11.464,0.033
1942,10,11.307,0.038,11.439,0.027,11.488,0.032
1942,11,11.337,0.041,11.415,0.028,11.476,0.031
1942,12,11.377,0.046,11.382,0.027,11.477,0.03
1943,1,11.391,0.058,11.371,0.027,11.458,0.03
1943,2,11.468,0.062,11.371,0.027,11.438,0.029
1943,3,11.497,0.059,11.367,0.027,11.409,0.028
1943,4,11.455,0.065,11.349,0.027,11.417,0.027
1943,5,11.351,0.063,11.377,0.026,11.42,0.027
1943,6,11.332,0.064,11.313,0.026,11.42,0.027
1943,7,11.457,0.066,11.306,0.028,11.418,0.026
1943,8,11.374,0.077,11.318,0.027,11.411,0.025
1943,9,11.374,0.079,11.389,0.028,11.409,0.025
1943,10,11.195,0.082,11.413,0.03,11.395,0.025
1943,11,11.301,0.086,11.38,0.031,11.403,0.024
1943,12,11.281,0.089,11.385,0.032,11.396,0.023
1944,1,11.212,0.092,11.384,0.033,11.361,0.023
1944,2,11.151,0.096,11.376,0.032,11.371,0.023
1944,3,11.196,0.092,11.376,0.031,11.364,0.023
1944,4,11.271,0.085,11.358,0.031,11.367,0.023
1944,5,11.301,0.081,11.347,0.03,11.363,0.024
1944,6,11.214,0.079,11.347,0.031,11.366,0.024
1944,7,11.138,0.083,11.364,0.032,11.363,0.024
1944,8,11.169,0.085,11.37,0.031,11.361,0.024
1944,9,11.494,0.086,11.346,0.033,11.345,0.024
1944,10,11.548,0.085,11.327,0.035,11.343,0.024
1944,11,11.372,0.088,11.337,0.037,11.357,0.024
1944,12,11.256,0.089,11.326,0.036,11.337,0.022
1945,1,11.263,0.081,11.315,0.038,11.368,0.022
1945,2,11.264,0.077,11.336,0.039,11.377,0.022
1945,3,11.248,0.079,11.363,0.038,11.365,0.022
1945,4,11.192,0.079,11.402,0.039,11.359,0.022
1945,5,11.215,0.077,11.356,0.038,11.353,0.023
1945,6,11.142,0.07,11.356,0.039,11.347,0.023
1945,7,11.188,0.063,11.342,0.039,11.334,0.023
1945,8,11.174,0.057,11.3,0.04,11.324,0.023
1945,9,11.233,0.053,11.302,0.039,11.317,0.024
1945,10,11.439,0.053,11.307,0.039,11.323,0.024
1945,11,11.463,0.051,11.312,0.038,11.331,0.025
1945,12,11.577,0.054,11.312,0.038,11.318,0.025
1946,1,11.619,0.057,11.303,0.038,11.309,0.027
1946,2,11.573,0.058,11.291,0.038,11.314,0.027
1946,3,11.556,0.053,11.308,0.038,11.312,0.027
1946,4,11.515,0.045,11.304,0.038,11.302,0.028
1946,5,11.503,0.039,11.312,0.039,11.296,0.028
1946,6,11.828,0.035,11.313,0.039,11.291,0.028
1946,7,11.847,0.032,11.26,0.039,11.29,0.029
1946,8,11.686,0.036,11.238,0.04,11.29,0.029
1946,9,11.316,0.034,11.26,0.039,11.288,0.031
1946,10,11.147,0.039,11.289,0.038,11.283,0.031
1946,11,11.21,0.043,11.287,0.037,11.261,0.031
1946,12,11.136,0.049,11.296,0.037,11.239,0.032
1947,1,11.089,0.052,11.31,0.037,11.249,0.032
1947,2,11.225,0.054,11.311,0.037,11.272,0.033
1947,3,11.317,0.056,11.297,0.036,11.256,0.034
1947,4,11.576,0.056,11.287,0.035,11.25,0.034
1947,5,11.409,0.059,11.321,0.035,11.258,0.035
1947,6,11.262,0.067,11.346,0.034,11.272,0.035
1947,7,11.082,0.066,11.348,0.033,11.273,0.035
1947,8,11.094,0.062,11.353,0.032,11.278,0.036
1947,9,11.092,0.057,11.292,0.031,11.289,0.036
1947,10,11.206,0.053,11.279,0.031,11.282,0.036
1947,11,11.215,0.054,11.292,0.032,11.268,0.036
1947,12,11.31,0.05,11.312,0.033,11.27,0.036
1948,1,11.333,0.05,11.296,0.033,11.303,0.036
1948,2,11.241,0.048,11.278,0.035,11.301,0.036
1948,3,11.223,0.055,11.266,0.035,11.326,0.037
1948,4,10.966,0.055,11.298,0.033,11.308,0.037
1948,5,11.13,0.055,11.286,0.033,11.306,0.038
1948,6,11.118,0.05,11.322,0.032,11.313,0.038
1948,7,11.046,0.047,11.312,0.032,11.313,0.038
1948,8,11.065,0.047,11.31,0.033,11.307,0.038
1948,9,11.163,0.047,11.235,0.033,11.317,0.037
1948,10,11.105,0.047,11.191,0.034,11.329,0.038
1948,11,11.176,0.05,11.211,0.032,11.343,0.038
1948,12,11.202,0.052,11.197,0.032,11.349,0.038
1949,1,11.247,0.051,11.196,0.035,11.344,0.038
1949,2,11.25,0.053,11.204,0.037,11.376,0.039
1949,3,11.141,0.055,11.201,0.04,11.38,0.039
1949,4,11.183,0.054,11.209,0.04,11.405,0.04
1949,5,11.349,0.053,11.176,0.042,11.39,0.04
1949,6,11.38,0.056,11.132,0.043,11.393,0.04
1949,7,11.577,0.057,11.135,0.044,11.406,0.04
1949,8,11.743,0.052,11.174,0.046,11.407,0.041
1949,9,11.655,0.047,11.165,0.046,11.413,0.04
1949,10,11.498,0.048,11.173,0.047,11.411,0.04
1949,11,11.395,0.043,11.179,0.047,11.423,0.04
1949,12,11.334,0.044,11.218,0.047,11.439,0.041
1950,1,11.195,0.044,11.23,0.046,11.434,0.041
1950,2,11.098,0.04,11.22,0.046,11.416,0.041
1950,3,11.09,0.036,11.215,0.046,11.391,0.041
1950,4,11.248,0.036,11.162,0.047,11.405,0.041
1950,5,11.037,0.04,11.179,0.048,11.42,0.041
1950,6,11.024,0.038,11.185,0.047,11.424,0.042
1950,7,11.009,0.041,11.264,0.048,11.432,0.042
1950,8,10.96,0.049,11.303,0.047,11.44,0.043
1950,9,10.949,0.05,11.35,0.048,11.446,0.042
1950,10,10.999,0.052,11.309,0.049,11.451,0.041
1950,11,11.061,0.036,11.3,0.051,11.434,0.041
1950,12,11.002,0.031,11.314,0.05,11.447,0.042
1951,1,11.118,0.047,11.323,0.05,11.445,0.042
1951,2,11.205,0.046,11.324,0.049,11.434,0.043
1951,3,11.232,0.069,11.325,0.048,11.407,0.043
1951,4,11.073,0.064,11.354,0.049,11.383,0.044
1951,5,10.955,0.06,11.375,0.049,11.398,0.044
1951,6,10.875,0.068,11.385,0.048,11.408,0.045
1951,7,10.96,0.078,11.427,0.048,11.406,0.044
1951,8,11.005,0.086,11.515,0.049,11.409,0.044
1951,9,10.967,0.095,11.501,0.049,11.413,0.044
1951,10,11.057,0.091,11.521,0.051,11.427,0.044
1951,11,11.05,0.108,11.492,0.05,11.421,0.045
1951,12,11.24,0.11,11.489,0.049,11.422,0.046
1952,1,11.261,0.095,11.501,0.049,11.401,0.047
1952,2,11.305,0.096,11.503,0.048,11.433,0.047
1952,3,11.388,0.088,11.529,0.049,11.445,0.047
1952,4,11.339,0.085,11.535,0.049,11.445,0.048
1952,5,11.426,0.087,11.525,0.05,11.444,0.047
1952,6,11.527,0.078,11.531,0.05,11.455,0.047
1952,7,11.726,0.074,11.521,0.051,11.462,0.045
1952,8,11.742,0.069,11.48,0.052,11.452,0.046
1952,9,12.018,0.07,11.491,0.054,11.443,0.046
1952,10,11.884,0.07,11.53,0.054,11.411,0.046
1952,11,11.819,0.076,11.548,0.053,11.421,0.045
1952,12,11.793,0.074,11.536,0.054,11.441,0.044
1953,1,11.795,0.077,11.567,0.055,11.459,0.044
1953,2,11.763,0.075,11.603,0.054,11.461,0.045
1953,3,11.775,0.071,11.626,0.054,11.457,0.045
1953,4,11.927,0.074,11.604,0.053,11.444,0.045
1953,5,12.108,0.073,11.583,0.054,11.455,0.047
1953,6,12.119,0.073,11.571,0.055,11.452,0.045
1953,7,11.865,0.072,11.578,0.056,11.45,0.045
1953,8,12.122,0.074,11.559,0.057,11.457,0.045
1953,9,11.916,0.071,11.578,0.058,11.455,0.045
1953,10,12.164,0.068,11.576,0.058,11.463,0.045
1953,11,12.137,0.06,11.585,0.06,11.47,0.044
1953,12,12.076,0.057,11.62,0.062,11.468,0.044
1954,1,12.138,0.054,11.615,0.059,11.483,0.043
1954,2,12.142,0.056,11.615,0.057,11.486,0.044
1954,3,12.157,0.061,11.625,0.055,11.49,0.044
1954,4,12.087,0.057,11.645,0.055,11.488,0.046
1954,5,12.097,0.051,11.667,0.056,11.485,0.046
1954,6,12.11,0.05,11.713,0.056,11.489,0.046
1954,7,12.044,0.056,11.668,0.056,11.487,0.046
1954,8,11.568,0.056,11.692,0.056,11.493,0.046
1954,9,11.605,0.058,11.726,0.055,11.499,0.046
1954,10,11.548,0.048,11.717,0.055,11.496,0.046
1954,11,11.674,0.041,11.709,0.055,11.466,0.047
1954,12,11.568,0.046,11.691,0.053,11.479,0.047
1955,1,11.523,0.045,11.694,0.05,11.475,0.047
1955,2,11.603,0.045,11.685,0.051,11.452,0.047
1955,3,11.578,0.052,11.67,0.049,11.439,0.047
1955,4,11.595,0.061,11.66,0.048,11.458,0.047
1955,5,11.326,0.067,11.663,0.045,11.458,0.047
1955,6,11.223,0.07,11.697,0.046,11.464,0.048
1955,7,11.297,0.069,11.654,0.046,11.477,0.048
1955,8,11.355,0.077,11.619,0.047,11.488,0.048
1955,9,11.387,0.074,11.564,0.046,11.502,0.048
1955,10,11.225,0.089,11.579,0.045,11.49,0.048
1955,11,11.247,0.097,11.61,0.046,11.5,0.048
1955,12,11.423,0.103,11.59,0.044,11.489,0.049
1956,1,11.36,0.091,11.577,0.043,11.487,0.049
1956,2,11.261,0.082,11.589,0.043,11.501,0.049
1956,3,11.225,0.088,11.584,0.044,11.524,0.05
1956,4,11.278,0.081,11.571,0.043,11.519,0.051
1956,5,11.376,0.072,11.564,0.042,11.511,0.052
1956,6,11.587,0.069,11.551,0.041,11.525,0.052
1956,7,11.408,0.065,11.539,0.04,11.524,0.051
1956,8,11.675,0.066,11.458,0.041,11.528,0.051
1956,9,11.702,0.068,11.479,0.04,11.526,0.05
1956,10,11.766,0.065,11.456,0.043,11.526,0.05
1956,11,11.671,0.059,11.478,0.043,11.538,0.05
1956,12,11.597,0.051,11.489,0.044,11.538,0.049
1957,1,11.655,0.04,11.473,0.044,11.515,0.048
1957,2,11.655,0.051,11.483,0.046,11.513,0.048
1957,3,11.615,0.059,11.469,0.047,11.514,0.047
1957,4,11.41,0.064,11.457,0.046,11.515,0.047
1957,5,11.409,0.069,11.408,0.047,11.524,0.047
1957,6,11.445,0.065,11.427,0.047,11.511,0.046
1957,7,11.655,0.065,11.429,0.047,11.503,0.047
1957,8,11.374,0.064,11.425,0.045,11.501,0.046
1957,9,11.21,0.072,11.387,0.045,11.493,0.046
1957,10,11.193,0.078,11.385,0.045,11.509,0.045
1957,11,11.321,0.101,11.368,0.046,11.524,0.045
1957,12,11.287,0.094,11.392,0.048,11.524,0.044
1958,1,11.211,0.068,11.387,0.047,11.47,0.044
1958,2,11.286,0.062,11.372,0.046,11.462,0.044
1958,3,11.345,0.063,11.378,0.048,11.462,0.044
1958,4,11.486,0.074,11.376,0.049,11.477,0.044
1958,5,11.613,0.069,11.418,0.049,11.486,0.042
1958,6,11.392,0.065,11.407,0.049,11.48,0.042
1958,7,11.293,0.061,11.396,0.048,11.479,0.042
1958,8,11.319,0.056,11.443,0.048,11.479,0.041
1958,9,11.491,0.049,11.469,0.047,11.481,0.041
1958,10,11.549,0.065,11.463,0.051,11.496,0.04
1958,11,11.478,0.057,11.437,0.051,11.497,0.04
1958,12,11.571,0.062,11.43,0.048,11.471,0.04
1959,1,11.616,0.057,11.432,0.049,11.474,0.04
1959,2,11.612,0.066,11.442,0.05,11.43,0.04
1959,3,11.581,0.077,11.428,0.05,11.428,0.04
1959,4,11.516,0.069,11.407,0.05,11.416,0.04
1959,5,11.314,0.069,11.409,0.049,11.43,0.04
1959,6,11.49,0.079,11.362,0.047,11.427,0.04
1959,7,11.49,0.088,11.362,0.045,11.424,0.041
1959,8,11.4,0.072,11.333,0.044,11.418,0.04
1959,9,11.144,0.092,11.302,0.044,11.406,0.041
1959,10,11.191,0.092,11.313,0.044,11.402,0.041
1959,11,11.121,0.106,11.338,0.045,11.395,0.041
1959,12,11.079,0.116,11.331,0.047,11.386,0.041
1960,1,11.093,0.101,11.311,0.052,11.398,0.041
1960,2,11.047,0.103,11.317,0.05,11.404,0.041
1960,3,11.124,0.108,11.317,0.054,11.383,0.041
1960,4,11.19,0.107,11.358,0.056,11.379,0.042
1960,5,11.379,0.117,11.385,0.057,11.378,0.042
1960,6,11.121,0.124,11.352,0.056,11.38,0.043
1960,7,11.132,0.115,11.286,0.055,11.372,0.043
1960,8,11.447,0.113,11.306,0.054,11.36,0.042
1960,9,11.796,0.11,11.361,0.054,11.342,0.041
1960,10,11.615,0.117,11.375,0.054,11.342,0.041
1960,11,11.595,0.112,11.363,0.052,11.371,0.041
1960,12,11.614,0.087,11.37,0.054,11.391,0.041
1961,1,11.587,0.084,11.38,0.052,11.37,0.041
1961,2,11.61,0.085,11.368,0.05,11.365,0.04
1961,3,11.474,0.075,11.377,0.049,11.376,0.039
1961,4,11.432,0.07,11.42,0.047,11.379,0.04
1961,5,11.331,0.066,11.429,0.047,11.372,0.04
1961,6,11.364,0.067,11.39,0.048,11.362,0.041
1961,7,11.241,0.06,11.409,0.048,11.372,0.042
1961,8,11.127,0.065,11.402,0.046,11.369,0.043
1961,9,10.871,0.07,11.378,0.048,11.367,0.044
1961,10,11.017,0.08,11.376,0.048,11.352,0.043
1961,11,11.174,0.087,11.382,0.048,11.365,0.042
1961,12,11.104,0.095,11.364,0.047,11.349,0.041
1962,1,11.051,0.09,11.375,0.047,11.377,0.04
1962,2,11.027,0.087,11.352,0.045,11.353,0.039
1962,3,11.061,0.101,11.343,0.045,11.364,0.04
1962,4,11.166,0.104,11.348,0.045,11.365,0.04
1962,5,11.287,0.111,11.381,0.044,11.356,0.04
1962,6,11.393,0.106,11.345,0.044,11.352,0.041
1962,7,11.274,0.107,11.366,0.044,11.344,0.044
1962,8,11.235,0.103,11.384,0.046,11.343,0.044
1962,9,11.501,0.098,11.38,0.047,11.343,0.045
1962,10,11.505,0.08,11.373,0.048,11.353,0.046
1962,11,11.446,0.088,11.388,0.049,11.359,0.047
1962,12,11.482,0.068,11.368,0.05,11.336,0.046
1963,1,11.553,0.074,11.357,0.05,11.324,0.046
1963,2,11.546,0.072,11.347,0.049,11.328,0.046
1963,3,11.647,0.08,11.305,0.047,11.355,0.046
1963,4,11.796,0.082,11.307,0.046,11.356,0.046
1963,5,11.836,0.083,11.325,0.045,11.337,0.046
1963,6,11.582,0.079,11.375,0.046,11.34,0.047
1963,7,11.909,0.078,11.344,0.045,11.342,0.047
1963,8,11.803,0.071,11.288,0.044,11.33,0.047
1963,9,11.578,0.059,11.283,0.045,11.324,0.048
1963,10,11.551,0.033,11.295,0.041,11.324,0.047
1963,11,11.572,0.03,11.307,0.043,11.315,0.047
1963,12,11.541,0.038,11.294,0.044,11.305,0.047
1964,1,11.589,0.048,11.312,0.043,11.304,0.048
1964,2,11.532,0.052,11.296,0.042,11.306,0.047
1964,3,11.412,0.071,11.306,0.042,11.281,0.049
1964,4,11.154,0.082,11.297,0.04,11.286,0.048
1964,5,11.074,0.082,11.321,0.04,11.289,0.048
1964,6,11.264,0.084,11.336,0.039,11.275,0.048
1964,7,11.276,0.085,11.392,0.041,11.278,0.047
1964,8,11.309,0.08,11.373,0.039,11.279,0.047
1964,9,11.153,0.075,11.425,0.038,11.283,0.047
1964,10,11.18,0.069,11.418,0.038,11.272,0.047
1964,11,11.15,0.071,11.375,0.039,11.286,0.047
1964,12,11.098,0.089,11.372,0.037,11.274,0.048
1965,1,11.003,0.066,11.377,0.039,11.263,0.047
1965,2,11.02,0.066,11.369,0.04,11.285,0.048
1965,3,10.933,0.049,11.368,0.038,11.297,0.048
1965,4,10.988,0.049,11.348,0.038,11.283,0.048
1965,5,11.095,0.056,11.333,0.038,11.291,0.049
1965,6,11.272,0.064,11.321,0.039,11.29,0.047
1965,7,11.022,0.063,11.362,0.042,11.291,0.047
1965,8,10.965,0.067,11.351,0.043,11.298,0.048
1965,9,11.312,0.07,11.349,0.044,11.29,0.047
1965,10,11.223,0.069,11.337,0.045,11.278,0.047
1965,11,11.193,0.085,11.312,0.046,11.271,0.046
1965,12,11.245,0.101,11.311,0.046,11.286,0.046
1966,1,11.362,0.084,11.304,0.049,11.285,0.046
1966,2,11.353,0.096,11.292,0.05,11.267,0.046
1966,3,11.479,0.108,11.27,0.055,11.249,0.047
1966,4,11.381,0.1,11.227,0.056,11.256,0.046
1966,5,11.315,0.085,11.2,0.056,11.254,0.047
1966,6,11.169,0.081,11.22,0.056,11.255,0.047
1966,7,11.477,0.074,11.2,0.058,11.251,0.048
1966,8,11.551,0.077,11.209,0.057,11.248,0.048
1966,9,11.58,0.077,11.183,0.058,11.253,0.047
1966,10,11.631,0.064,11.196,0.056,11.259,0.047
1966,11,11.514,0.067,11.196,0.054,11.263,0.048
1966,12,11.496,0.06,11.185,0.054,11.277,0.049
1967,1,11.376,0.066,11.181,0.052,11.29,0.05
1967,2,11.392,0.069,11.205,0.056,11.283,0.05
1967,3,11.37,0.056,11.222,0.057,11.311,0.048
1967,4,11.421,0.058,11.197,0.057,11.307,0.048
1967,5,11.344,0.058,11.19,0.057,11.299,0.048
1967,6,11.318,0.065,11.203,0.059,11.301,0.047
1967,7,11.127,0.068,11.16,0.058,11.302,0.049
1967,8,11.129,0.077,11.186,0.059,11.3,0.048
1967,9,11.124,0.084,11.214,0.059,11.302,0.046
1967,10,11.103,0.076,11.192,0.058,11.284,0.048
1967,11,11.129,0.071,11.195,0.061,11.264,0.048
1967,12,11.173,0.073,11.213,0.062,11.248,0.048
1968,1,11.19,0.063,11.226,0.059,11.272,0.047
1968,2,11.163,0.065,11.248,0.062,11.269,0.046
1968,3,11.158,0.068,11.274,0.06,11.272,0.045
1968,4,11.191,0.069,11.249,0.06,11.258,0.045
1968,5,11.174,0.064,11.218,0.058,11.25,0.045
1968,6,11.077,0.059,11.197,0.058,11.252,0.045
1968,7,11.096,0.067,11.225,0.057,11.251,0.047
1968,8,11.092,0.077,11.246,0.058,11.254,0.049
1968,9,10.748,0.086,11.215,0.059,11.245,0.05
1968,10,10.843,0.087,11.218,0.061,11.23,0.05
1968,11,10.991,0.081,11.201,0.061,11.225,0.05
1968,12,10.914,0.077,11.215,0.06,11.251,0.05
1969,1,10.973,0.068,11.19,0.062,11.248,0.05
1969,2,11.094,0.071,11.201,0.059,11.261,0.05
1969,3,11.169,0.066,11.2,0.056,11.287,0.049
1969,4,11.003,0.067,11.221,0.058,11.288,0.049
1969,5,11.024,0.071,11.206,0.06,11.283,0.049
1969,6,11.181,0.075,11.218,0.061,11.286,0.049
1969,7,11.079,0.075,11.188,0.063,11.284,0.047
1969,8,11.194,0.077,11.194,0.064,11.282,0.05
1969,9,11.307,0.076,11.198,0.062,11.276,0.049
1969,10,11.162,0.094,11.196,0.063,11.276,0.049
1969,11,11.148,0.096,11.223,0.062,11.276,0.049
1969,12,11.236,0.108,11.229,0.061,11.283,0.049
1970,1,11.23,0.098,11.227,0.061,11.286,0.049
1970,2,11.238,0.11,11.232,0.061,11.287,0.049
1970,3,11.194,0.107,11.236,0.057,11.302,0.048
1970,4,11.25,0.115,11.22,0.06,11.278,0.046
1970,5,11.235,0.102,11.196,0.06,11.277,0.046
1970,6,11.242,0.096,11.175,0.059,11.28,0.046
1970,7,11.346,0.089,11.181,0.056,11.285,0.046
1970,8,11.261,0.094,11.187,0.053,11.288,0.048
1970,9,11.314,0.087,11.194,0.052,11.293,0.049
1970,10,11.35,0.088,11.179,0.05,11.291,0.049
1970,11,11.222,0.091,11.189,0.051,11.281,0.048
1970,12,11.256,0.093,11.193,0.05,11.274,0.048
1971,1,11.182,0.101,11.197,0.05,11.289,0.047
1971,2,11.118,0.088,11.216,0.052,11.327,0.047
1971,3,11.107,0.082,11.22,0.049,11.324,0.047
1971,4,11.237,0.085,11.233,0.049,11.333,0.045
1971,5,11.251,0.097,11.249,0.049,11.328,0.046
1971,6,11.27,0.098,11.282,0.048,11.328,0.043
1971,7,11.293,0.102,11.296,0.046,11.318,0.04
1971,8,11.294,0.083,11.313,0.046,11.317,0.038
1971,9,11.496,0.059,11.39,0.044,11.316,0.037
1971,10,11.521,0.06,11.38,0.044,11.303,0.038
1971,11,11.625,0.056,11.371,0.045,11.28,0.039
1971,12,11.567,0.058,11.387,0.046,11.272,0.039
1972,1,11.56,0.062,11.387,0.046,11.225,0.039
1972,2,11.546,0.061,11.36,0.048,11.239,0.039
1972,3,11.55,0.057,11.33,0.047,11.237,0.039
1972,4,11.42,0.064,11.356,0.048,11.251,0.038
1972,5,11.297,0.061,11.362,0.048,11.27,0.036
1972,6,11.105,0.057,11.364,0.048,11.283,0.036
1972,7,11.09,0.051,11.411,0.048,11.293,0.036
1972,8,11.093,0.037,11.387,0.049,11.295,0.037
1972,9,11.108,0.034,11.389,0.047,11.304,0.038
1972,10,11.017,0.022,11.365,0.045,11.304,0.038
1972,11,10.958,0.028,11.359,0.043,11.31,0.038
1972,12,10.993,0.037,11.348,0.045,11.315,0.037
1973,1,11.043,0.025,11.344,0.047,11.3,0.037
1973,2,11.083,0.022,11.327,0.051,11.277,0.037
1973,3,11.081,0.034,11.311,0.055,11.266,0.036
1973,4,11.255,0.039,11.333,0.054,11.271,0.037
1973,5,11.437,0.047,11.345,0.054,11.279,0.037
1973,6,11.611,0.047,11.35,0.054,11.281,0.037
1973,7,11.673,0.045,11.354,0.055,11.286,0.038
1973,8,11.724,0.058,11.409,0.054,11.291,0.039
1973,9,11.725,0.07,11.433,0.053,11.3,0.039
1973,10,11.85,0.099,11.448,0.05,11.299,0.039
1973,11,11.903,0.111,11.455,0.053,11.3,0.04
1973,12,11.882,0.112,11.44,0.053,11.299,0.04
1974,1,11.919,0.095,11.446,0.048,11.265,0.04
1974,2,11.815,0.096,11.434,0.046,11.242,0.039
1974,3,11.717,0.107,11.432,0.046,11.27,0.039
1974,4,11.616,0.104,11.385,0.048,11.259,0.038
1974,5,11.591,0.102,11.355,0.05,11.248,0.04
1974,6,11.591,0.117,11.326,0.049,11.253,0.04
1974,7,11.653,0.127,11.262,0.05,11.249,0.042
1974,8,11.563,0.133,11.285,0.05,11.239,0.042
1974,9,11.302,0.112,11.277,0.049,11.241,0.043
1974,10,11.085,0.093,11.307,0.049,11.261,0.044
1974,11,11.085,0.088,11.318,0.049,11.253,0.044
1974,12,11.041,0.082,11.337,0.049,11.264,0.043
1975,1,11.017,0.092,11.358,0.049,11.282,0.043
1975,2,11.074,0.098,11.359,0.051,11.27,0.042
1975,3,11.102,0.103,11.373,0.053,11.273,0.041
1975,4,11.137,0.1,11.389,0.053,11.282,0.04
1975,5,11.148,0.095,11.424,0.054,11.279,0.039
1975,6,11.173,0.087,11.455,0.052,11.279,0.04
1975,7,11.059,0.087,11.42,0.053,11.288,0.039
1975,8,11.371,0.083,11.367,0.054,11.285,0.04
1975,9,11.536,0.076,11.338,0.054,11.293,0.041
1975,10,11.768,0.076,11.364,0.057,11.294,0.04
1975,11,11.706,0.083,11.369,0.059,11.298,0.041
1975,12,11.719,0.072,11.369,0.059,11.305,0.041
1976,1,11.688,0.065,11.374,0.059,11.318,0.04
1976,2,11.65,0.101,11.367,0.06,11.332,0.04
1976,3,11.71,0.11,11.38,0.06,11.346,0.04
1976,4,11.497,0.095,11.365,0.059,11.368,0.04
1976,5,11.304,0.091,11.351,0.059,11.372,0.04
1976,6,11.149,0.095,11.316,0.059,11.374,0.04
1976,7,10.834,0.094,11.233,0.059,11.381,0.04
1976,8,10.672,0.097,11.171,0.058,11.382,0.039
1976,9,10.712,0.097,11.15,0.058,11.385,0.039
1976,10,10.813,0.085,11.137,0.057,11.372,0.039
1976,11,10.936,0.099,11.126,0.058,11.386,0.039
1976,12,11.052,0.095,11.12,0.056,11.384,0.04
1977,1,11.124,0.067,11.112,0.058,11.366,0.04
1977,2,11.174,0.058,11.118,0.058,11.361,0.041
1977,3,11.255,0.068,11.153,0.059,11.351,0.041
1977,4,11.439,0.074,11.166,0.059,11.341,0.041
1977,5,11.642,0.072,11.143,0.057,11.342,0.04
1977,6,11.752,0.073,11.164,0.056,11.334,0.04
1977,7,11.879,0.069,11.152,0.055,11.338,0.04
1977,8,11.507,0.062,11.152,0.055,11.34,0.041
1977,9,11.417,0.06,11.158,0.055,11.338,0.041
1977,10,11.303,0.063,11.2,0.055,11.343,0.04
1977,11,11.213,0.074,11.2,0.055,11.352,0.041
1977,12,11.15,0.074,11.211,0.056,11.379,0.042
1978,1,11.12,0.086,11.232,0.056,11.395,0.042
1978,2,11.121,0.083,11.244,0.062,11.409,0.043
1978,3,11.117,0.08,11.275,0.064,11.4,0.043
1978,4,11.136,0.076,11.256,0.064,11.391,0.042
1978,5,11.071,0.077,11.252,0.063,11.386,0.041
1978,6,10.915,0.08,11.26,0.063,11.377,0.041
1978,7,10.738,0.081,11.282,0.063,11.381,0.04
1978,8,10.744,0.073,11.254,0.062,11.392,0.04
1978,9,10.782,0.075,11.259,0.062,11.398,0.039
1978,10,10.717,0.071,11.289,0.061,11.392,0.039
1978,11,10.688,0.083,11.288,0.061,11.393,0.038
1978,12,10.637,0.087,11.307,0.059,11.354,0.038
1979,1,10.608,0.074,11.317,0.055,11.343,0.037
1979,2,10.569,0.069,11.331,0.05,11.355,0.037
1979,3,10.581,0.074,11.337,0.051,11.335,0.037
1979,4,10.621,0.083,11.359,0.053,11.326,0.038
1979,5,10.551,0.081,11.416,0.052,11.325,0.039
1979,6,10.831,0.08,11.441,0.052,11.326,0.038
1979,7,11.25,0.076,11.469,0.053,11.321,0.038
1979,8,11.467,0.075,11.436,0.052,11.334,0.038
1979,9,11.342,0.06,11.425,0.052,11.338,0.039
1979,10,11.401,0.063,11.375,0.051,11.337,0.038
1979,11,11.455,0.052,11.367,0.052,11.333,0.037
1979,12,11.498,0.069,11.33,0.052,11.336,0.038
1980,1,11.618,0.078,11.319,0.055,11.307,0.038
1980,2,11.704,0.107,11.321,0.055,11.298,0.039
1980,3,11.71,0.12,11.304,0.054,11.32,0.037
1980,4,11.587,0.137,11.297,0.053,11.354,0.036
1980,5,11.695,0.151,11.28,0.054,11.362,0.036
1980,6,11.653,0.156,11.304,0.054,11.365,0.035
1980,7,11.709,0.156,11.37,0.053,11.367,0.036
1980,8,11.881,0.148,11.451,0.053,11.365,0.037
1980,9,12.041,0.14,11.461,0.053,11.364,0.039
1980,10,12.211,0.118,11.419,0.052,11.362,0.038
1980,11,12.15,0.104,11.402,0.05,11.348,0.038
1980,12,12.2,0.084,11.385,0.051,11.322,0.037
1981,1,12.117,0.074,11.387,0.046,11.343,0.038
1981,2,12.085,0.048,11.417,0.045,11.326,0.037
1981,3,12.024,0.043,11.415,0.044,11.343,0.036
1981,4,12.011,0.042,11.42,0.044,11.347,0.035
1981,5,12.122,0.037,11.434,0.043,11.357,0.035
1981,6,12.056,0.039,11.392,0.041,11.368,0.033
1981,7,11.77,0.05,11.454,0.04,11.372,0.029
1981,8,11.582,0.055,11.539,0.04,11.376,0.026
1981,9,11.543,0.052,11.52,0.04,11.374,0.026
1981,10,11.245,0.044,11.515,0.041,11.392,0.027
1981,11,11.329,0.048,11.524,0.039,11.405,0.026
1981,12,11.166,0.053,11.531,0.04,11.42,0.026
1982,1,11.13,0.055,11.531,0.042,11.458,0.026
1982,2,11.127,0.062,11.551,0.042,11.463,0.025
1982,3,11.087,0.056,11.524,0.043,11.46,0.025
1982,4,11.13,0.056,11.508,0.045,11.456,0.025
1982,5,10.964,0.056,11.522,0.048,11.462,0.025
1982,6,11.063,0.056,11.508,0.049,11.462,0.025
1982,7,11.381,0.051,11.462,0.05,11.456,0.026
1982,8,11.581,0.046,11.444,0.047,11.457,0.026
1982,9,11.597,0.049,11.481,0.042,11.453,0.026
1982,10,11.521,0.047,11.508,0.037,11.448,0.026
1982,11,11.39,0.045,11.524,0.035,11.452,0.025
1982,12,11.426,0.052,11.518,0.033,11.458,0.024
1983,1,11.464,0.049,11.502,0.033,11.466,0.024
1983,2,11.601,0.049,11.485,0.03,11.492,0.024
1983,3,11.673,0.058,11.453,0.031,11.496,0.025
1983,4,11.753,0.066,11.469,0.033,11.497,0.025
1983,5,11.839,0.068,11.443,0.035,11.504,0.026
1983,6,11.36,0.091,11.384,0.034,11.512,0.026
1983,7,11.161,0.083,11.405,0.034,11.517,0.025
1983,8,11.186,0.079,11.397,0.036,11.525,0.025
1983,9,11.079,0.076,11.427,0.033,11.519,0.025
1983,10,11.198,0.066,11.406,0.035,11.517,0.026
1983,11,11.297,0.052,11.425,0.035,11.525,0.026
1983,12,11.367,0.059,11.43,0.036,11.54,0.026
1984,1,11.327,0.053,11.426,0.034,11.595,0.025
1984,2,11.238,0.045,11.421,0.033,11.599,0.025
1984,3,11.124,0.04,11.41,0.033,11.601,0.026
1984,4,11.06,0.049,11.425,0.037,11.613,0.027
1984,5,10.991,0.046,11.393,0.039,11.619,0.025
1984,6,11.409,0.038,11.399,0.039,11.62,0.027
1984,7,11.292,0.047,11.446,0.039,11.625,0.028
1984,8,10.989,0.057,11.49,0.039,11.627,0.028
1984,9,11.146,0.049,11.494,0.039,11.617,0.03
1984,10,11.363,0.057,11.538,0.038,11.613,0.031
1984,11,11.455,0.067,11.557,0.038,11.626,0.033
1984,12,11.432,0.084,11.593,0.039,11.587,0.034
1985,1,11.472,0.079,11.594,0.037,11.611,0.034
1985,2,11.376,0.09,11.592,0.037,11.628,0.034
1985,3,11.357,0.083,11.603,0.036,11.652,0.033
1985,4,11.39,0.095,11.599,0.036,11.656,0.031
1985,5,11.298,0.098,11.624,0.038,11.65,0.03
1985,6,11.033,0.085,11.612,0.039,11.656,0.029
1985,7,11.42,0.085,11.563,0.038,11.645,0.028
1985,8,11.65,0.082,11.532,0.038,11.642,0.027
1985,9,11.77,0.081,11.531,0.036,11.647,0.027
1985,10,11.701,0.076,11.575,0.034,11.653,0.027
1985,11,11.654,0.079,11.605,0.03,11.665,0.026
1985,12,11.758,0.072,11.64,0.029,11.645,0.026
1986,1,11.735,0.074,11.647,0.031,11.631,0.025
1986,2,11.765,0.072,11.634,0.03,11.645,0.025
1986,3,11.81,0.067,11.624,0.032,11.646,0.025
1986,4,11.793,0.076,11.613,0.033,11.634,0.026
1986,5,11.873,0.081,11.615,0.032,11.648,0.027
1986,6,12.129,0.072,11.688,0.03,11.645,0.027
1986,7,11.978,0.084,11.736,0.029,11.644,0.026
1986,8,12.046,0.08,11.659,0.028,11.648,0.026
1986,9,11.878,0.072,11.682,0.03,11.648,0.026
1986,10,11.905,0.061,11.711,0.033,11.659,0.026
1986,11,11.99,0.051,11.714,0.032,11.633,0.026
1986,12,11.983,0.037,11.709,0.036,11.642,0.027
1987,1,11.972,0.032,11.719,0.033,11.676,0.027
1987,2,11.98,0.028,11.702,0.033,11.708,0.027
1987,3,12.05,0.026,11.711,0.034,11.72,0.027
1987,4,12.001,0.034,11.717,0.037,11.737,0.027
1987,5,12.121,0.044,11.729,0.036,11.739,0.027
1987,6,12.128,0.05,11.665,0.037,11.744,0.027
1987,7,11.962,0.059,11.759,0.037,11.735,0.027
1987,8,11.791,0.067,11.812,0.039,11.724,0.027
1987,9,11.784,0.063,11.823,0.039,11.727,0.027
1987,10,11.706,0.057,11.805,0.039,11.733,0.027
1987,11,11.629,0.069,11.775,0.039,11.727,0.028
1987,12,11.658,0.072,11.795,0.04,11.708,0.028
1988,1,11.727,0.06,11.788,0.039,11.695,0.028
1988,2,11.809,0.067,11.799,0.038,11.669,0.028
1988,3,11.778,0.06,11.841,0.04,11.665,0.027
1988,4,11.822,0.073,11.838,0.043,11.678,0.026
1988,5,11.793,0.077,11.887,0.043,11.692,0.026
1988,6,11.74,0.084,11.905,0.043,11.692,0.026
1988,7,12.027,0.082,11.857,0.041,11.684,0.026
1988,8,11.821,0.081,11.893,0.041,11.67,0.027
1988,9,11.83,0.091,11.866,0.041,11.659,0.027
1988,10,11.877,0.107,11.863,0.043,11.65,0.027
1988,11,11.842,0.099,11.871,0.044,11.632,0.028
1988,12,11.715,0.103,11.859,0.045,11.671,0.027
1989,1,11.69,0.099,11.863,0.044,11.673,0.028
1989,2,11.582,0.089,11.875,0.042,11.647,0.027
1989,3,11.559,0.091,11.885,0.041,11.667,0.028
1989,4,11.58,0.086,11.892,0.042,11.681,0.029
1989,5,11.56,0.086,11.874,0.043,11.684,0.03
1989,6,11.295,0.079,11.886,0.043,11.694,0.031
1989,7,11.407,0.079,11.906,0.043,11.697,0.03
1989,8,11.756,0.077,11.927,0.044,11.693,0.031
1989,9,11.852,0.071,11.946,0.044,11.704,0.03
1989,10,11.836,0.071,11.936,0.041,11.707,0.03
1989,11,11.763,0.071,11.92,0.042,11.711,0.03
1989,12,11.86,0.061,11.894,0.041,11.718,0.029
1990,1,11.815,0.055,11.876,0.038,11.749,0.029
1990,2,11.859,0.053,11.857,0.038,11.779,0.029
1990,3,12.01,0.057,11.852,0.035,11.777,0.03
1990,4,11.994,0.053,11.866,0.034,11.754,0.029
1990,5,12.088,0.04,11.83,0.033,11.739,0.03
1990,6,12.234,0.044,11.804,0.036,11.737,0.029
1990,7,11.911,0.038,11.828,0.036,11.735,0.028
1990,8,12.05,0.044,11.805,0.034,11.75,0.027
1990,9,11.986,0.043,11.799,0.035,11.759,0.028
1990,10,11.988,0.043,11.782,0.036,11.759,0.028
1990,11,12.131,0.041,11.778,0.036,11.77,0.028
1990,12,12.08,0.041,11.745,0.036,11.791,0.028
1991,1,12.11,0.049,11.722,0.035,11.767,0.027
1991,2,12.144,0.046,11.706,0.035,11.766,0.027
1991,3,12.03,0.024,11.695,0.035,11.732,0.027
1991,4,12.063,0.025,11.686,0.033,11.722,0.027
1991,5,11.808,0.028,11.648,0.033,11.722,0.027
1991,6,12.032,0.036,11.655,0.034,11.719,0.027
1991,7,12.223,0.04,11.611,0.036,11.72,0.028
1991,8,12.217,0.049,11.635,0.037,11.724,0.028
1991,9,12.277,0.054,11.653,0.035,11.723,0.028
1991,10,12.275,0.062,11.651,0.035,11.721,0.028
1991,11,12.236,0.052,11.653,0.038,11.713,0.028
1991,12,12.158,0.056,11.68,0.037,11.71,0.029
1992,1,12.036,0.053,11.674,0.038,11.703,0.029
1992,2,11.89,0.054,11.683,0.038,11.696,0.029
1992,3,11.882,0.057,11.697,0.039,11.706,0.029
1992,4,11.872,0.05,11.696,0.038,11.68,0.03
1992,5,11.901,0.062,11.693,0.039,11.664,0.029
1992,6,11.718,0.056,11.772,0.038,11.655,0.029
1992,7,11.574,0.058,11.74,0.038,11.655,0.029
1992,8,11.183,0.059,11.745,0.038,11.655,0.029
1992,9,11.05,0.062,11.732,0.039,11.66,0.029
1992,10,10.931,0.059,11.704,0.039,11.665,0.028
1992,11,10.921,0.051,11.702,0.036,11.65,0.028
1992,12,10.912,0.053,11.678,0.037,11.647,0.029
1993,1,10.959,0.054,11.682,0.037,11.68,0.029
1993,2,11.057,0.061,11.701,0.04,11.702,0.029
1993,3,10.993,0.068,11.677,0.037,11.697,0.03
1993,4,10.921,0.06,11.681,0.038,11.694,0.031
1993,5,10.883,0.058,11.653,0.039,11.7,0.032
1993,6,10.995,0.064,11.676,0.038,11.687,0.032
1993,7,10.938,0.073,11.678,0.037,11.691,0.031
1993,8,10.971,0.071,11.639,0.036,11.693,0.031
1993,9,11.098,0.07,11.599,0.037,11.713,0.03
1993,10,11.225,0.076,11.581,0.035,11.719,0.029
1993,11,11.216,0.077,11.572,0.035,11.726,0.028
1993,12,11.387,0.07,11.58,0.036,11.735,0.028
1994,1,11.451,0.071,11.577,0.036,11.733,0.028
1994,2,11.465,0.063,11.572,0.038,11.78,0.028
1994,3,11.569,0.064,11.56,0.038,11.781,0.028
1994,4,11.629,0.066,11.55,0.04,11.775,0.029
1994,5,11.786,0.064,11.551,0.042,11.773,0.031
1994,6,11.879,0.053,11.534,0.041,11.775,0.031
1994,7,12.053,0.045,11.499,0.041,11.776,0.031
1994,8,12.304,0.046,11.466,0.041,11.783,0.031
1994,9,12.25,0.049,11.465,0.041,11.785,0.031
1994,10,12.1,0.049,11.423,0.04,11.787,0.032
1994,11,12.008,0.044,11.407,0.039,11.81,0.032
1994,12,11.853,0.046,11.416,0.039,11.849,0.031
1995,1,11.852,0.043,11.435,0.037,11.835,0.031
1995,2,11.95,0.042,11.453,0.038,11.848,0.031
1995,3,11.909,0.038,11.469,0.037,11.854,0.032
1995,4,11.919,0.039,11.464,0.037,11.854,0.033
1995,5,11.889,0.034,11.471,0.036,11.874,0.032
1995,6,11.758,0.035,11.491,0.036,11.869,0.034
1995,7,11.6,0.03,11.531,0.037,11.872,0.034
1995,8,11.521,0.03,11.6,0.037,11.88,0.035
1995,9,11.32,0.03,11.595,0.039,11.872,0.033
1995,10,11.376,0.032,11.606,0.039,11.877,0.033
1995,11,11.483,0.032,11.621,0.04,11.845,0.034
1995,12,11.587,0.035,11.63,0.039,11.833,0.035
1996,1,11.589,0.046,11.66,0.037,11.841,0.035
1996,2,11.501,0.049,11.679,0.035,11.814,0.035
1996,3,11.446,0.047,11.732,0.033,11.805,0.035
1996,4,11.408,0.044,11.752,0.033,11.807,0.034
1996,5,11.298,0.042,11.803,0.032,11.811,0.034
1996,6,11.32,0.044,11.815,0.032,11.812,0.035
1996,7,11.331,0.049,11.856,0.032,11.815,0.034
1996,8,11.349,0.051,11.925,0.033,11.822,0.035
1996,9,11.609,0.052,11.909,0.032,11.825,0.035
1996,10,11.483,0.056,11.899,0.033,11.824,0.035
1996,11,11.411,0.06,11.894,0.033,11.861,0.036
1996,12,11.341,0.062,11.87,0.032,11.862,0.035
1997,1,11.323,0.053,11.877,0.032,11.866,0.035
1997,2,11.292,0.059,11.884,0.032,11.85,0.035
1997,3,11.429,0.055,11.873,0.031,11.827,0.035
1997,4,11.441,0.055,11.878,0.032,11.831,0.035
1997,5,11.498,0.054,11.928,0.033,11.823,0.034
1997,6,11.502,0.05,11.926,0.033,11.84,0.034
1997,7,11.733,0.046,11.93,0.032,11.862,0.034
1997,8,11.854,0.049,11.951,0.033,11.876,0.034
1997,9,11.699,0.048,11.975,0.033,11.886,0.035
1997,10,11.844,0.043,12.004,0.034,11.874,0.035
1997,11,11.987,0.044,12.045,0.034,11.883,0.034
1997,12,11.979,0.042,12.059,0.035,11.898,0.034
1998,1,12.084,0.042,12.062,0.035,11.908,0.034
1998,2,12.189,0.044,12.06,0.036,11.915,0.034
1998,3,12.305,0.045,12.068,0.035,11.922,0.034
1998,4,12.36,0.048,12.073,0.034,11.931,0.034
1998,5,12.545,0.05,12.036,0.034,11.932,0.034
1998,6,12.617,0.05,11.99,0.036,11.936,0.033
1998,7,12.563,0.05,12.005,0.038,11.952,0.033
1998,8,12.6,0.051,11.989,0.038,11.965,0.032
1998,9,12.668,0.061,12.011,0.037,11.973,0.032
1998,10,12.69,0.062,12.033,0.036,11.989,0.033
1998,11,12.579,0.056,12.05,0.036,12.004,0.032
1998,12,12.588,0.054,12.045,0.036,12.009,0.032
1999,1,12.536,0.05,12.053,0.035,12.013,0.032
1999,2,12.486,0.045,12.071,0.035,12.021,0.032
1999,3,12.275,0.044,12.091,0.036,12.034,0.031
1999,4,12.261,0.043,12.098,0.036,12.033,0.032
1999,5,12.408,0.05,12.17,0.037,12.039,0.031
1999,6,12.435,0.048,12.19,0.036,12.026,0.031
1999,7,12.423,0.044,12.233,0.036,12.024,0.031
1999,8,12.434,0.048,12.235,0.038,12.014,0.031
1999,9,12.582,0.051,12.188,0.038,12.015,0.031
1999,10,12.627,0.053,12.24,0.037,12.02,0.032
1999,11,12.767,0.055,12.239,0.036,12.026,0.032
1999,12,12.8,0.062,12.263,0.036,12.02,0.031
2000,1,12.78,0.067,12.289,0.038,12.021,0.031
2000,2,12.831,0.068,12.299,0.038,12.024,0.03
2000,3,12.885,0.064,12.304,0.038,12.018,0.03
2000,4,12.895,0.06,12.285,0.039,12.031,0.031
2000,5,12.432,0.058,12.295,0.039,12.035,0.031
2000,6,12.076,0.062,12.305,0.038,12.043,0.031
2000,7,11.977,0.066,12.286,0.038,12.052,0.031
2000,8,11.71,0.06,12.231,0.039,12.047,0.031
2000,9,11.499,0.051,12.25,0.039,12.059,0.031
2000,10,11.522,0.04,12.257,0.038,12.063,0.031
2000,11,11.505,0.038,12.243,0.038,12.077,0.031
2000,12,11.516,0.031,12.243,0.037,12.074,0.031
2001,1,11.544,0.032,12.244,0.038,12.116,0.031
2001,2,11.556,0.033,12.25,0.039,12.112,0.032
2001,3,11.56,0.035,12.213,0.039,12.128,0.031
2001,4,11.532,0.036,12.227,0.04,12.149,0.033
2001,5,11.964,0.038,12.204,0.041,12.156,0.033
2001,6,12.321,0.031,12.202,0.042,12.16,0.033
2001,7,12.467,0.033,12.17,0.042,12.173,0.034
2001,8,12.579,0.042,12.116,0.042,12.178,0.034
2001,9,12.494,0.043,12.158,0.042,12.177,0.035
2001,10,12.515,0.046,12.168,0.042,12.173,0.035
2001,11,12.356,0.047,12.185,0.041,12.193,0.035
2001,12,12.433,0.053,12.183,0.042,12.205,0.035
2002,1,12.5,0.066,12.17,0.044,12.212,0.035
2002,2,12.436,0.055,12.145,0.044,12.194,0.034
2002,3,12.492,0.052,12.157,0.045,12.208,0.035
2002,4,12.375,0.057,12.163,0.047,12.22,0.036
2002,5,12.126,0.058,12.125,0.046,12.233,0.037
2002,6,12.077,0.055,12.115,0.045,12.241,0.038
2002,7,11.999,0.051,12.113,0.044,12.248,0.039
2002,8,11.833,0.049,12.096,0.042,12.262,0.04
2002,9,12.006,0.05,12.061,0.041,12.262,0.04
2002,10,11.932,0.049,12.058,0.042,12.275,0.041
2002,11,12.009,0.055,12.025,0.042,12.289,0.041
2002,12,11.879,0.049,12.028,0.04,12.285,0.04
2003,1,11.86,0.046,12.041,0.039,12.264,0.04
2003,2,11.942,0.058,12.034,0.038,12.245,0.04
2003,3,11.854,0.054,12.051,0.039,12.247,0.04
2003,4,12.07,0.061,12.054,0.041,12.244,0.041
2003,5,12.088,0.061,12.118,0.041,12.23,0.041
2003,6,12.099,0.066,12.158,0.038,12.237,0.042
2003,7,11.985,0.065,12.227,0.037,12.231,0.042
2003,8,12.023,0.062,12.235,0.038,12.223,0.042
2003,9,12.21,0.055,12.246,0.038,12.206,0.042
2003,10,12.245,0.059,12.266,0.042,12.201,0.043
2003,11,12.287,0.056,12.261,0.043,12.196,0.043
2003,12,12.287,0.06,12.275,0.045,12.179,0.042
2004,1,12.17,0.063,12.293,0.047,12.166,0.042
2004,2,11.963,0.058,12.285,0.045,12.153,0.042
2004,3,11.995,0.065,12.264,0.045,12.154,0.042
2004,4,11.941,0.071,12.247,0.046,12.151,0.042
2004,5,12.013,0.069,12.217,0.045,12.158,0.043
2004,6,11.999,0.067,12.22,0.044,12.159,0.043
2004,7,12.137,0.062,12.191,0.044,12.152,0.045
2004,8,12.333,0.056,12.153,0.042,12.147,0.045
2004,9,12.099,0.051,12.228,0.043,12.156,0.045
2004,10,12.079,0.051,12.2,0.044,12.136,0.045
2004,11,11.97,0.058,12.227,0.046,12.126,0.044
2004,12,12.024,0.056,12.218,0.047,12.096,0.043
2005,1,12.134,0.043,12.207,0.047,12.083,0.042
2005,2,12.273,0.044,12.224,0.049,12.046,0.041
2005,3,12.351,0.038,12.22,0.048,12.035,0.041
2005,4,12.351,0.029,12.264,0.051,12.038,0.041
2005,5,12.398,0.032,12.282,0.05,12.023,0.041
2005,6,12.292,0.033,12.265,0.05,12.03,0.041
2005,7,12.547,0.032,12.241,0.049,12.034,0.041
2005,8,12.405,0.04,12.258,0.048,12.035,0.041
2005,9,12.42,0.041,12.245,0.048,12.039,0.042
2005,10,12.557,0.044,12.231,0.05,12.045,0.043
2005,11,12.683,0.039,12.216,0.049,12.064,0.042
2005,12,12.752,0.043,12.231,0.051,12.083,0.042
2006,1,12.804,0.051,12.218,0.05,12.075,0.041
2006,2,12.814,0.052,12.196,0.049,12.071,0.041
2006,3,12.627,0.051,12.198,0.05,12.078,0.042
2006,4,12.501,0.048,12.175,0.05,12.073,0.043
2006,5,12.457,0.051,12.188,0.048,12.057,0.044
2006,6,12.634,0.055,12.156,0.046,12.06,0.045
2006,7,12.285,0.061,12.162,0.045,12.068,0.046
2006,8,12.173,0.054,12.191,0.045,12.072,0.046
2006,9,12.403,0.059,12.149,0.045,12.074,0.046
2006,10,12.185,0.059,12.133,0.044,12.077,0.046
2006,11,12.188,0.06,12.131,0.045,12.06,0.045
2006,12,12.148,0.067,12.135,0.047,12.056,0.044
2007,1,12.069,0.063,12.133,0.046,12.064,0.043
2007,2,12.128,0.064,12.149,0.048,12.068,0.043
2007,3,12.272,0.065,12.155,0.046,12.118,0.044
2007,4,12.46,0.069,12.11,0.044,12.123,0.044
2007,5,12.455,0.068,12.127,0.043,12.142,0.045
2007,6,12.301,0.068,12.077,0.042,12.141,0.047
2007,7,12.252,0.06,12.052,0.042,12.146,0.047
2007,8,12.358,0.065,11.996,0.042,12.15,0.048
2007,9,12.093,0.068,12.008,0.042,12.147,0.048
2007,10,12.09,0.067,12.017,0.042,12.157,0.049
2007,11,11.955,0.065,12.021,0.041,12.166,0.048
2007,12,11.942,0.064,12.032,0.043,12.17,0.047
2008,1,11.913,0.06,12.027,0.044,12.167,0.046
2008,2,11.804,0.062,12.036,0.046,12.176,0.045
2008,3,11.746,0.066,12.028,0.047,12.165,0.045
2008,4,11.622,0.061,12.036,0.046,12.155,0.046
2008,5,11.618,0.054,12.01,0.045,12.154,0.045
2008,6,11.555,0.052,12.008,0.046,12.165,0.046
2008,7,11.59,0.054,11.923,0.046,12.16,0.046
2008,8,11.686,0.053,11.906,0.045,12.152,0.045
2008,9,11.732,0.048,11.911,0.046,12.161,0.045
2008,10,11.755,0.043,11.881,0.046,12.147,0.045
2008,11,11.858,0.04,11.852,0.046,12.143,0.044
2008,12,11.809,0.05,11.844,0.046,12.124,0.043
2009,1,11.743,0.054,11.842,0.047,12.124,0.042
2009,2,11.725,0.06,11.858,0.049,12.117,0.042
2009,3,11.778,0.062,11.884,0.049,12.085,0.042
2009,4,11.618,0.061,11.907,0.048,12.081,0.042
2009,5,11.707,0.06,11.903,0.047,12.078,0.043
2009,6,11.604,0.06,11.893,0.046,12.084,0.042
2009,7,11.586,0.056,11.936,0.045,12.086,0.042
2009,8,11.358,0.051,11.983,0.045,12.095,0.043
2009,9,11.39,0.045,12.009,0.046,12.097,0.042
2009,10,11.497,0.045,12.047,0.045,12.104,0.041
2009,11,11.42,0.04,12.057,0.046,12.083,0.04
2009,12,11.511,0.04,12.065,0.047,12.09,0.038
2010,1,11.608,0.045,12.084,0.048,12.089,0.039
2010,2,11.71,0.044,12.076,0.05,12.066,0.039
2010,3,11.718,0.043,12.075,0.051,12.08,0.04
2010,4,11.976,0.041,12.049,0.049,12.084,0.039
2010,5,11.814,0.042,12.049,0.048,12.09,0.039
2010,6,11.944,0.044,12.074,0.046,12.099,0.04
2010,7,11.9,0.04,12.093,0.046,12.093,0.041
2010,8,11.958,0.049,12.093,0.045,12.092,0.041
2010,9,11.935,0.052,12.085,0.044,12.097,0.041
2010,10,11.878,0.055,12.078,0.043,12.105,0.04
2010,11,11.841,0.062,12.092,0.042,12.103,0.039
2010,12,11.812,0.064,12.1,0.042,12.13,0.039
2011,1,11.877,0.071,12.101,0.043,12.099,0.039
2011,2,11.922,0.073,12.108,0.044,12.121,0.039
2011,3,11.904,0.067,12.124,0.044,12.143,0.039
2011,4,11.857,0.06,12.119,0.043,12.133,0.038
2011,5,11.922,0.065,12.098,0.043,12.124,0.038
2011,6,12.059,0.06,12.091,0.042,12.129,0.038
2011,7,12.354,0.062,12.086,0.043,12.123,0.039
2011,8,12.557,0.059,12.043,0.042,12.124,0.04
2011,9,12.893,0.06,12.021,0.042,12.141,0.039
2011,10,13.015,0.059,12.028,0.042,12.164,0.039
2011,11,13.214,0.06,12.024,0.042,12.182,0.037
2011,12,13.25,0.064,12.034,0.041,12.165,0.037
2012,1,13.278,0.062,12.039,0.041,12.176,0.036
2012,2,13.22,0.071,12.042,0.042,12.216,0.036
2012,3,13.226,0.073,12.04,0.043,12.209,0.035
2012,4,13.172,0.075,12.098,0.042,12.225,0.034
2012,5,13.184,0.076,12.038,0.041,12.216,0.034
2012,6,13.208,0.079,12.103,0.041,12.218,0.034
2012,7,13.035,0.081,12.125,0.041,12.223,0.034
2012,8,12.909,0.077,12.136,0.042,12.21,0.034
2012,9,12.474,0.073,12.152,0.042,12.209,0.034
2012,10,12.245,0.066,12.152,0.04,12.204,0.033
2012,11,12.126,0.053,12.159,0.041,12.209,0.032
2012,12,12.116,0.049,12.166,0.041,12.214,0.032
2013,1,12,0.044,12.158,0.043,12.223,0.032
2013,2,11.963,0.04,12.147,0.042,12.227,0.032
2013,3,11.994,0.04,12.165,0.042,12.23,0.032
2013,4,11.972,0.044,12.175,0.042,12.224,0.032
2013,5,11.862,0.041,12.196,0.042,12.252,0.032
2013,6,11.639,0.039,12.253,0.042,12.261,0.032
2013,7,11.555,0.039,12.276,0.041,12.267,0.032
2013,8,11.432,0.04,12.335,0.041,12.272,0.033
2013,9,11.414,0.044,12.375,0.04,12.283,0.034
2013,10,11.504,0.046,12.385,0.04,12.281,0.034
2013,11,11.521,0.044,12.396,0.039,12.264,0.033
2013,12,11.48,0.042,12.413,0.038,12.28,0.033
2014,1,11.434,0.04,12.404,0.039,12.287,0.033
2014,2,11.396,0.042,12.389,0.039,12.264,0.033
2014,3,11.357,0.045,12.398,0.039,12.253,0.034
2014,4,11.515,0.047,12.422,0.039,12.262,0.033
2014,5,11.409,0.052,12.461,0.037,12.252,0.034
2014,6,11.668,0.059,12.438,0.037,12.252,0.034
2014,7,11.783,0.064,12.415,0.037,12.261,0.034
2014,8,11.822,0.067,12.449,0.035,12.269,0.034
2014,9,12.045,0.065,12.41,0.034,12.279,0.034
2014,10,12.116,0.064,12.402,0.033,12.286,0.034
2014,11,12.093,0.061,12.375,0.033,12.264,0.034
2014,12,12.174,0.057,12.372,0.033,12.295,0.033
2015,1,12.203,0.069,12.362,0.034,12.317,0.033
2015,2,12.235,0.069,12.344,0.034,12.338,0.033
2015,3,12.343,0.062,12.343,0.034,12.349,0.033
2015,4,12.357,0.058,12.359,0.035,12.338,0.033
2015,5,12.601,0.056,12.369,0.035,12.342,0.033
2015,6,12.69,0.055,12.353,0.036,12.341,0.033
2015,7,12.654,0.051,12.352,0.037,12.345,0.033
2015,8,12.954,0.048,12.36,0.036,12.347,0.034
2015,9,13.05,0.05,12.376,0.036,12.344,0.034
2015,10,13.048,0.049,12.37,0.036,12.335,0.034
2015,11,13.027,0.05,12.412,0.038,12.354,0.034
2015,12,13.047,0.049,12.422,0.038,12.368,0.033
2016,1,13.107,0.046,12.433,0.038,NA,NA
2016,2,13.133,0.042,12.437,0.041,NA,NA
2016,3,13.069,0.044,12.441,0.042,NA,NA
2016,4,13.095,0.041,12.443,0.042,NA,NA
2016,5,13.246,0.037,12.429,0.042,NA,NA
2016,6,12.986,0.039,12.47,0.042,NA,NA
2016,7,13.048,0.039,12.488,0.041,NA,NA
2016,8,13.13,0.042,12.486,0.04,NA,NA
2016,9,13.068,0.043,12.484,0.04,NA,NA
2016,10,13.099,0.047,12.495,0.04,NA,NA
2016,11,13.11,0.049,12.479,0.042,NA,NA
2016,12,13.045,0.048,12.471,0.042,NA,NA
2017,1,13.064,0.052,12.483,0.043,NA,NA
2017,2,12.993,0.06,12.496,0.043,NA,NA
2017,3,12.952,0.054,12.517,0.043,NA,NA
2017,4,12.858,0.063,12.473,0.042,NA,NA
2017,5,12.727,0.059,12.49,0.041,NA,NA
2017,6,12.784,0.054,12.487,0.039,NA,NA
2017,7,12.72,0.051,12.51,0.038,NA,NA
2017,8,12.46,0.056,12.54,0.036,NA,NA
2017,9,12.303,0.058,12.546,0.036,NA,NA
2017,10,12.085,0.062,12.524,0.034,NA,NA
2017,11,12.311,0.066,12.525,0.035,NA,NA
2017,12,12.367,0.068,12.516,0.036,NA,NA
2018,1,12.356,0.063,12.531,0.037,NA,NA
2018,2,12.428,0.077,12.547,0.038,NA,NA
2018,3,12.485,0.078,12.523,0.04,NA,NA
2018,4,12.392,0.074,12.496,0.039,NA,NA
2018,5,12.161,0.071,12.511,0.039,NA,NA
2018,6,12.221,0.072,12.484,0.037,NA,NA
2018,7,12.233,0.068,NA,NA,NA,NA
2018,8,12.064,0.07,NA,NA,NA,NA
2018,9,11.955,0.072,NA,NA,NA,NA
2018,10,12.13,0.073,NA,NA,NA,NA
2018,11,11.854,0.068,NA,NA,NA,NA
2018,12,11.723,0.067,NA,NA,NA,NA
2019,1,11.685,0.069,NA,NA,NA,NA
2019,2,11.693,0.054,NA,NA,NA,NA
2019,3,11.737,0.052,NA,NA,NA,NA
2019,4,11.663,0.059,NA,NA,NA,NA
2019,5,11.711,0.067,NA,NA,NA,NA
2019,6,11.753,0.073,NA,NA,NA,NA
2019,7,11.892,0.075,NA,NA,NA,NA
2019,8,12.09,0.07,NA,NA,NA,NA
2019,9,12.353,0.066,NA,NA,NA,NA
2019,10,12.26,0.063,NA,NA,NA,NA
2019,11,12.325,0.059,NA,NA,NA,NA
2019,12,12.398,0.057,NA,NA,NA,NA
2020,1,12.445,0.063,NA,NA,NA,NA
2020,2,12.489,0.061,NA,NA,NA,NA
2020,3,12.372,0.06,NA,NA,NA,NA
2020,4,12.472,0.056,NA,NA,NA,NA
2020,5,12.71,0.054,NA,NA,NA,NA
2020,6,12.678,0.048,NA,NA,NA,NA
2020,7,NA,NA,NA,NA,NA,NA
2020,8,NA,NA,NA,NA,NA,NA
2020,9,NA,NA,NA,NA,NA,NA
2020,10,NA,NA,NA,NA,NA,NA
2020,11,NA,NA,NA,NA,NA,NA
2020,12,NA,NA,NA,NA,NA,NA
